episode,reward,length,success,epsilon,loss
1,-500.0,500,0,1.0,
2,-500.0,500,0,0.97,0.4329535961151123
3,-500.0,500,0,0.9409,0.013021640368562657
4,-500.0,500,0,0.912673,0.0005415971435140818
5,-500.0,500,0,0.8852928099999999,0.0008038137038238346
6,-500.0,500,0,0.8587340256999999,0.001138847429305315
7,-358.0,359,1,0.8329720049289999,0.0016935013299794934
8,-500.0,500,0,0.8079828447811299,0.004669567788718268
9,-500.0,500,0,0.783743359437696,0.007650646899361163
10,-500.0,500,0,0.7602310586545651,0.0069677965734153986
11,-500.0,500,0,0.7374241268949281,0.007390511926729232
12,-369.0,370,1,0.7153014030880802,0.00688131573559666
13,-500.0,500,0,0.6938423609954378,0.012512519862968474
14,-349.0,350,1,0.6730270901655747,0.015728791950802717
15,-298.0,299,1,0.6528362774606075,0.02117240099535389
16,-336.0,337,1,0.6332511891367892,0.02622194791859353
17,-318.0,319,1,0.6142536534626856,0.03031137108738566
18,-218.0,219,1,0.595826043858805,0.02555793430443564
19,-203.0,204,1,0.5779512625430409,0.03152739521179933
20,-174.0,175,1,0.5606127246667496,0.03209158112161926
21,-154.0,155,1,0.5437943429267471,0.035541253585007884
22,-203.0,204,1,0.5274805126389447,0.045806143352962736
23,-177.0,178,1,0.5116560972597763,0.04310203089870596
24,-144.0,145,1,0.496306414341983,0.04991727603984804
25,-160.0,161,1,0.48141722191172354,0.06013559827129848
26,-166.0,167,1,0.4669747052543718,0.04976943965923197
27,-158.0,159,1,0.4529654640967406,0.058448690751204325
28,-115.0,116,1,0.4393765001738384,0.05554369943425188
29,-164.0,165,1,0.42619520516862325,0.06492602515852812
30,-128.0,129,1,0.4134093490135645,0.07609853156401898
31,-97.0,98,1,0.4010070685431576,0.049206723753667
32,-137.0,138,1,0.38897685648686287,0.07293221813397131
33,-149.0,150,1,0.377307550792257,0.06589557200359801
34,-151.0,152,1,0.36598832426848926,0.07850862162702374
35,-256.0,257,1,0.35500867454043455,0.08293553867199774
36,-79.0,80,1,0.3443584143042215,0.1199853531550616
37,-132.0,133,1,0.3340276618750948,0.09413250106477872
38,-142.0,143,1,0.32400683201884195,0.10113949524694597
39,-139.0,140,1,0.3142866270582767,0.09525195279690836
40,-87.0,88,1,0.3048580282465284,0.10844541113527323
41,-121.0,122,1,0.2957122873991326,0.10220525963384597
42,-123.0,124,1,0.2868409187771586,0.10801446619593809
43,-112.0,113,1,0.27823569121384384,0.1040536707712222
44,-146.0,147,1,0.2698886204774285,0.12418576061953696
45,-151.0,152,1,0.26179196186310566,0.10671226626360103
46,-121.0,122,1,0.2539382030072125,0.11560590462911813
47,-105.0,106,1,0.2463200569169961,0.1106381124974984
48,-91.0,92,1,0.23893045520948622,0.08769317724458549
49,-100.0,101,1,0.23176254155320164,0.12805522112452453
50,-155.0,156,1,0.2248096653066056,0.16120854215935254
51,-193.0,194,1,0.21806537534740741,0.13930088077604616
52,-122.0,123,1,0.2115234140869852,0.13395249649761168
53,-131.0,132,1,0.20517771166437562,0.13600765441713686
54,-120.0,121,1,0.19902238031444436,0.16712338231072937
55,-93.0,94,1,0.19305170890501103,0.10932173333229854
56,-88.0,89,1,0.1872601576378607,0.13714372364573935
57,-100.0,101,1,0.18164235290872485,0.13770489601215513
58,-130.0,131,1,0.1761930823214631,0.14759757064055395
59,-84.0,85,1,0.17090728985181922,0.16898172000313508
60,-112.0,113,1,0.16578007115626464,0.15653152688843222
61,-109.0,110,1,0.1608066690215767,0.128994771507992
62,-94.0,95,1,0.1559824689509294,0.13566558798284908
63,-71.0,72,1,0.1513029948824015,0.14110451504691607
64,-114.0,115,1,0.14676390503592945,0.15638037843062827
65,-98.0,99,1,0.14236098788485158,0.18797342533791306
66,-158.0,159,1,0.13809015824830603,0.15895457577499203
67,-215.0,216,1,0.13394745350085685,0.1610750451390804
68,-147.0,148,1,0.12992902989583113,0.17693120132930376
69,-110.0,111,1,0.1260311589989562,0.17444205931849308
70,-90.0,91,1,0.12225022422898751,0.2117671226816518
71,-77.0,78,1,0.11858271750211788,0.1710064151109411
72,-62.0,63,1,0.11502523597705434,0.18185582541165843
73,-85.0,86,1,0.1115744788977427,0.17578057078428047
74,-84.0,85,1,0.10822724453081042,0.15954786462380605
75,-93.0,94,1,0.10498042719488611,0.189108785598519
76,-95.0,96,1,0.10183101437903952,0.1807344825938344
77,-100.0,101,1,0.09877608394766833,0.1957212224381395
78,-111.0,112,1,0.09581280142923829,0.22494136703400208
79,-92.0,93,1,0.09293841738636113,0.23859812619705353
80,-90.0,91,1,0.09015026486477029,0.2078113554270713
81,-83.0,84,1,0.08744575691882718,0.20174598322427345
82,-94.0,95,1,0.08482238421126237,0.2032358763445365
83,-99.0,100,1,0.0822777126849245,0.1796718081831932
84,-102.0,103,1,0.07980938130437676,0.23149607388429272
85,-79.0,80,1,0.07741509986524546,0.18257259549573063
86,-84.0,85,1,0.0750926468692881,0.18092670125119825
87,-96.0,97,1,0.07283986746320946,0.1781124746830193
88,-69.0,70,1,0.07065467143931317,0.2204230649130685
89,-81.0,82,1,0.06853503129613378,0.20176032755705642
90,-123.0,124,1,0.06647898035724976,0.2215826307243157
91,-86.0,87,1,0.06448461094653227,0.2566021176204942
92,-134.0,135,1,0.06255007261813629,0.23981565657865117
93,-83.0,84,1,0.0606735704395922,0.23235710763505527
94,-109.0,110,1,0.05885336332640443,0.2567496905272657
95,-89.0,90,1,0.057087762426612294,0.23903804945035112
96,-78.0,79,1,0.05537512955381393,0.3594158995142089
97,-109.0,110,1,0.053713875667199505,0.24862746476111086
98,-93.0,94,1,0.05210245939718352,0.23161508632387887
99,-92.0,93,1,0.05053938561526801,0.22100618543724218
100,-102.0,103,1,0.049023204046809966,0.2664728187096929
101,-106.0,107,1,0.04755250792540567,0.23656377965741068
102,-102.0,103,1,0.0461259326876435,0.27151915300818324
103,-111.0,112,1,0.04474215470701419,0.25212219044832246
104,-98.0,99,1,0.04339989006580376,0.2638849426211432
105,-86.0,87,1,0.042097893363829644,0.26749690671333637
106,-80.0,81,1,0.040834956562914755,0.2536076140578514
107,-78.0,79,1,0.03960990786602731,0.27308763042563877
108,-76.0,77,1,0.03842161063004649,0.23455730653912216
109,-125.0,126,1,0.03726896231114509,0.3102402009720367
110,-83.0,84,1,0.03615089344181074,0.24766123729447523
111,-119.0,120,1,0.03506636663855641,0.24278311509018144
112,-180.0,181,1,0.03401437563939972,0.29036885227246506
113,-85.0,86,1,0.03299394437021773,0.28046191407930715
114,-66.0,67,1,0.032004126039111194,0.26069743575444865
115,-89.0,90,1,0.031044002257937856,0.2719702313136723
116,-74.0,75,1,0.03011268219019972,0.33700196037689845
117,-91.0,92,1,0.029209301724493725,0.2771389332559446
118,-92.0,93,1,0.028333022672758914,0.2687606825943916
119,-187.0,188,1,0.027483031992576144,0.26563083217974676
120,-76.0,77,1,0.026658541032798858,0.27797898413105443
121,-88.0,89,1,0.02585878480181489,0.2890458487895098
122,-114.0,115,1,0.025083021257760445,0.28764617754065475
123,-67.0,68,1,0.024330530620027633,0.32454419371617194
124,-82.0,83,1,0.023600614701426804,0.2962164214576583
125,-101.0,102,1,0.022892596260384,0.2725148741338475
126,-89.0,90,1,0.02220581837257248,0.28923890938361485
127,-75.0,76,1,0.021539643821395303,0.2682746720843409
128,-62.0,63,1,0.020893454506753444,0.34111883869719883
129,-101.0,102,1,0.02026665087155084,0.3297652442592616
130,-83.0,84,1,0.02,0.26193370665645316
131,-68.0,69,1,0.02,0.30122929239186685
132,-94.0,95,1,0.02,0.2904974523343538
133,-75.0,76,1,0.02,0.2934912066220453
134,-65.0,66,1,0.02,0.2941189365405025
135,-84.0,85,1,0.02,0.28414818868041036
136,-70.0,71,1,0.02,0.2724651872691974
137,-96.0,97,1,0.02,0.29281447720281856
138,-74.0,75,1,0.02,0.31959652562936147
139,-71.0,72,1,0.02,0.3476955058674018
140,-97.0,98,1,0.02,0.3448969080131881
141,-74.0,75,1,0.02,0.3106412221491337
142,-87.0,88,1,0.02,0.33605237110433256
143,-104.0,105,1,0.02,0.3098343720748311
144,-208.0,209,1,0.02,0.34721713135259574
145,-126.0,127,1,0.02,0.3519900494262459
146,-85.0,86,1,0.02,0.3346663808753324
147,-148.0,149,1,0.02,0.30378969223707314
148,-85.0,86,1,0.02,0.3379828571666812
149,-70.0,71,1,0.02,0.3496221947208257
150,-74.0,75,1,0.02,0.3104602172970772
151,-102.0,103,1,0.02,0.33553553528143365
152,-88.0,89,1,0.02,0.30040306539348
153,-108.0,109,1,0.02,0.3501913923462597
154,-83.0,84,1,0.02,0.38806332869543914
155,-69.0,70,1,0.02,0.33970400148204394
156,-62.0,63,1,0.02,0.352514842318164
157,-83.0,84,1,0.02,0.3616376875766686
158,-77.0,78,1,0.02,0.36051431780633253
159,-62.0,63,1,0.02,0.3011321741200629
160,-73.0,74,1,0.02,0.3277924760572008
161,-88.0,89,1,0.02,0.3393138462070669
162,-69.0,70,1,0.02,0.39335954050932614
163,-94.0,95,1,0.02,0.35378667473008757
164,-73.0,74,1,0.02,0.34002227159972126
165,-83.0,84,1,0.02,0.38351570087529363
166,-73.0,74,1,0.02,0.35559247997966975
167,-86.0,87,1,0.02,0.3023652184283596
168,-70.0,71,1,0.02,0.3345050921427532
169,-61.0,62,1,0.02,0.3328137695789337
170,-69.0,70,1,0.02,0.32073065867381434
171,-75.0,76,1,0.02,0.37813929586034073
172,-96.0,97,1,0.02,0.3823615883275406
173,-80.0,81,1,0.02,0.3477384515658573
174,-89.0,90,1,0.02,0.33852983829047945
175,-75.0,76,1,0.02,0.35532861212758643
176,-130.0,131,1,0.02,0.3941785782461858
177,-200.0,201,1,0.02,0.3773716352694663
178,-77.0,78,1,0.02,0.37118170123833877
179,-82.0,83,1,0.02,0.40131816761680394
180,-74.0,75,1,0.02,0.39609142124652863
181,-79.0,80,1,0.02,0.412158296443522
182,-75.0,76,1,0.02,0.3953923666359563
183,-75.0,76,1,0.02,0.38517439826146554
184,-101.0,102,1,0.02,0.3602386622452268
185,-76.0,77,1,0.02,0.3447218007081515
186,-95.0,96,1,0.02,0.4284235807911803
187,-94.0,95,1,0.02,0.4180556370239509
188,-81.0,82,1,0.02,0.44997177282121126
189,-70.0,71,1,0.02,0.38758715126715915
190,-84.0,85,1,0.02,0.44218087213880874
191,-135.0,136,1,0.02,0.38346514872768345
192,-83.0,84,1,0.02,0.43215309367293403
193,-120.0,121,1,0.02,0.4244564593700338
194,-68.0,69,1,0.02,0.3896916947071103
195,-84.0,85,1,0.02,0.40932107848279614
196,-96.0,97,1,0.02,0.42077686845027296
197,-98.0,99,1,0.02,0.37175941015734815
198,-101.0,102,1,0.02,0.45534200133646235
199,-96.0,97,1,0.02,0.4032034235670395
200,-86.0,87,1,0.02,0.4455597589927158
201,-77.0,78,1,0.02,0.42010955426555413
202,-87.0,88,1,0.02,0.44287874473428185
203,-90.0,91,1,0.02,0.39782653732614204
204,-89.0,90,1,0.02,0.40738028089205425
205,-79.0,80,1,0.02,0.44977155020460485
206,-83.0,84,1,0.02,0.4474117240558068
207,-73.0,74,1,0.02,0.396972131588169
208,-118.0,119,1,0.02,0.4440441511007918
209,-96.0,97,1,0.02,0.4254027941485041
210,-71.0,72,1,0.02,0.3871574562249912
211,-71.0,72,1,0.02,0.4244935702946451
212,-95.0,96,1,0.02,0.450806421538194
213,-74.0,75,1,0.02,0.40707234481970467
214,-124.0,125,1,0.02,0.4208416465520859
215,-83.0,84,1,0.02,0.41535247463200775
216,-74.0,75,1,0.02,0.3902905692656835
217,-82.0,83,1,0.02,0.42540345960352793
218,-96.0,97,1,0.02,0.4857789563764002
219,-85.0,86,1,0.02,0.3798564324198767
220,-75.0,76,1,0.02,0.5031165223764745
221,-68.0,69,1,0.02,0.43804071433302283
222,-88.0,89,1,0.02,0.45868037741505696
223,-62.0,63,1,0.02,0.4150571993419102
224,-61.0,62,1,0.02,0.44389809379654543
225,-90.0,91,1,0.02,0.41883096737521036
226,-84.0,85,1,0.02,0.41440728534670435
227,-89.0,90,1,0.02,0.46902100841204325
228,-84.0,85,1,0.02,0.4320826206137152
229,-88.0,89,1,0.02,0.4033514450440246
230,-91.0,92,1,0.02,0.39121422819469287
231,-74.0,75,1,0.02,0.4279785056908925
232,-79.0,80,1,0.02,0.4616282185539603
233,-72.0,73,1,0.02,0.4073784897384578
234,-98.0,99,1,0.02,0.4501533726550112
235,-108.0,109,1,0.02,0.4437307608783792
236,-77.0,78,1,0.02,0.4410262680970706
237,-86.0,87,1,0.02,0.46576076317792653
238,-91.0,92,1,0.02,0.44487806441991223
239,-76.0,77,1,0.02,0.49457749472810075
240,-61.0,62,1,0.02,0.4805276754402345
241,-79.0,80,1,0.02,0.46343704611063
242,-88.0,89,1,0.02,0.4897718010993486
243,-82.0,83,1,0.02,0.44629658848406323
244,-81.0,82,1,0.02,0.4436834534493888
245,-70.0,71,1,0.02,0.4741014840317444
246,-81.0,82,1,0.02,0.45589366845968293
247,-82.0,83,1,0.02,0.4623416224157954
248,-62.0,63,1,0.02,0.4695205239076463
249,-70.0,71,1,0.02,0.46030295356898243
250,-118.0,119,1,0.02,0.45704033044205994
251,-91.0,92,1,0.02,0.4475720128773347
252,-81.0,82,1,0.02,0.48426229161460227
253,-93.0,94,1,0.02,0.464530847808148
254,-94.0,95,1,0.02,0.49174724519252777
255,-116.0,117,1,0.02,0.46712760041412127
256,-74.0,75,1,0.02,0.434224729736646
257,-69.0,70,1,0.02,0.4623806676694325
258,-74.0,75,1,0.02,0.467253649632136
259,-71.0,72,1,0.02,0.41313263008164036
260,-500.0,500,0,0.02,0.46718437695503234
261,-61.0,62,1,0.02,0.4937290287306232
262,-80.0,81,1,0.02,0.46765143930176156
263,-96.0,97,1,0.02,0.48612230248057964
264,-71.0,72,1,0.02,0.4602781370696094
265,-81.0,82,1,0.02,0.49281096476607206
266,-89.0,90,1,0.02,0.49638710104756884
267,-81.0,82,1,0.02,0.45675903576903226
268,-79.0,80,1,0.02,0.48829025588929653
269,-87.0,88,1,0.02,0.4956639329479499
270,-108.0,109,1,0.02,0.466541571764771
271,-85.0,86,1,0.02,0.5036922561567884
272,-63.0,64,1,0.02,0.4936592865269631
273,-96.0,97,1,0.02,0.5182699524250227
274,-71.0,72,1,0.02,0.48094458257158595
275,-84.0,85,1,0.02,0.4829287267783109
276,-86.0,87,1,0.02,0.48844632386476144
277,-130.0,131,1,0.02,0.48181662691458493
278,-63.0,64,1,0.02,0.4836078966036439
279,-81.0,82,1,0.02,0.47747028746256015
280,-70.0,71,1,0.02,0.5109207178925125
281,-70.0,71,1,0.02,0.5177219235141512
282,-69.0,70,1,0.02,0.48836293454681123
283,-63.0,64,1,0.02,0.4791744139511138
284,-63.0,64,1,0.02,0.4823705668095499
285,-74.0,75,1,0.02,0.501748209198316
286,-97.0,98,1,0.02,0.49495102313100076
287,-290.0,291,1,0.02,0.48121897164488986
288,-127.0,128,1,0.02,0.4854957878123969
289,-71.0,72,1,0.02,0.5004860742224587
290,-85.0,86,1,0.02,0.5259668255268142
291,-62.0,63,1,0.02,0.5032414178999643
292,-88.0,89,1,0.02,0.5015666493204203
293,-100.0,101,1,0.02,0.5103915435547876
294,-102.0,103,1,0.02,0.51942650496381
295,-81.0,82,1,0.02,0.4990697121474801
296,-66.0,67,1,0.02,0.5084121903376793
297,-75.0,76,1,0.02,0.5670085812085554
298,-75.0,76,1,0.02,0.5075192969096335
299,-127.0,128,1,0.02,0.5079586172942072
300,-76.0,77,1,0.02,0.5277774105598401
