episode,reward,length,success,critic_loss,mean_abs_td_error,entropy
0,-500.0,500,0,2.3390024088042844,1.1062799082994461,0.8956840633749962
1,-500.0,500,0,3.7268537620790303,1.0649691886901855,0.7976064944267273
2,-500.0,500,0,3.7494879545963777,0.9615643653869629,0.8559198361039162
3,-500.0,500,0,3.7392678629271687,0.6804825668334961,0.9768933658599853
4,-500.0,500,0,4.695658226105996,0.6849087142944336,0.8972761422395706
5,-500.0,500,0,5.493627354166121,0.6276777114868164,0.7488769867420196
6,-500.0,500,0,6.268222425015759,0.5866812133789062,0.793561492562294
7,-500.0,500,0,7.760144011518452,0.8206428451538086,0.7747644544243812
8,-500.0,500,0,7.630317014667206,0.5453678359985351,0.8746242682337761
9,-500.0,500,0,8.362349896326311,0.5568820037841797,1.0016127438545228
10,-500.0,500,0,8.828927564520388,0.5930227127075195,1.0315108735561371
11,-500.0,500,0,9.226195051482762,0.5847972106933593,1.0417886613607406
12,-500.0,500,0,9.705325610116939,0.6081910247802734,1.0023493319749832
13,-500.0,500,0,9.949532375241281,0.5645410766601563,1.0250114755630493
14,-500.0,500,0,10.356391502490151,0.5655256958007813,1.0568497861623765
15,-500.0,500,0,10.677656562378164,0.5719993438720703,1.0516674518585205
16,-500.0,500,0,11.77779581118119,0.706343505859375,0.6985017959475517
17,-500.0,500,0,11.388717459387262,0.48199168395996095,0.4091106480062008
18,-500.0,500,0,11.388781951614773,0.4044877319335938,0.6155721251666546
19,-500.0,500,0,11.51734660223429,0.425484130859375,0.6451231885999441
20,-500.0,500,0,12.059674230613629,0.5264681243896484,0.7890416813492775
21,-500.0,500,0,12.18251063651382,0.4549307861328125,0.7735103790760041
22,-500.0,500,0,12.287787567649037,0.44014984130859375,0.8568559377193451
23,-500.0,500,0,12.425776104146731,0.4223217620849609,0.7920065225958824
24,-500.0,500,0,12.578519106724999,0.3985402374267578,0.32229831302165984
25,-500.0,500,0,12.721448553629452,0.3759381866455078,0.19333236749470234
26,-500.0,500,0,12.860027095462778,0.3633870086669922,0.10903204214572906
27,-500.0,500,0,12.993991361474619,0.35943382263183593,0.07119003191590309
28,-500.0,500,0,13.134806026637554,0.37291238403320315,0.11328622240573168
29,-500.0,500,0,13.229280133518856,0.3523894500732422,0.08322244305163622
30,-500.0,500,0,13.344563148379326,0.35851473999023437,0.08079298413917423
31,-500.0,500,0,13.390728613794781,0.34777183532714845,0.2904693007916212
32,-187.0,188,1,125.71293586507338,2.4840057302028575,0.5242726210346247
33,-153.0,154,1,53.20827999114635,1.8684681979092685,0.3642385672874652
34,-173.0,174,1,34.81019098814156,1.1561407768863372,0.41412686817776195
35,-288.0,289,1,23.24655855031866,0.7344202219821178,0.4626435280155558
36,-404.0,405,1,45.06734365818125,1.2682298118685498,0.3772762365133306
37,-239.0,240,1,26.212665196846014,0.6639446576436361,0.40725196117224793
38,-178.0,179,1,36.29839662979773,1.0802644271424362,0.43216702529338485
39,-112.0,113,1,57.928039764425,1.4090746989292382,0.3253490665053899
40,-126.0,127,1,49.80994154532682,1.0674180158479947,0.3203387530153896
41,-106.0,107,1,57.79443754042525,0.9645170407874561,0.3907183859949914
42,-105.0,106,1,58.3790233055391,1.1409299598549896,0.42084543540511493
43,-143.0,144,1,42.43855155838254,0.970748053656684,0.3712950332297219
44,-113.0,114,1,58.113565940706046,1.870440165201823,0.3682194606384687
45,-161.0,162,1,36.52775517157329,0.7772852108802324,0.46302301050336275
46,-155.0,156,1,38.205296363299475,1.126134407825959,0.5105948626804047
47,-112.0,113,1,45.09702727318107,1.30276577029608,0.4558755656522987
48,-130.0,131,1,43.75808057341483,1.1583671278625953,0.5002198571922215
49,-113.0,114,1,51.80942021548726,1.1831724601879454,0.4885049983859062
50,-104.0,105,1,55.49082998489695,1.1744702293759302,0.44491201440493267
51,-105.0,106,1,54.45546416242009,1.2053265841502063,0.44884733532397253
52,-88.0,89,1,63.14677187453254,1.356789749659849,0.403285060370906
53,-130.0,131,1,31.89475645669354,1.1524357977714248,0.5140589678105507
54,-105.0,106,1,54.33681291686415,1.4007743259645857,0.48097737288137654
55,-87.0,88,1,52.393974206590265,1.5428255254572087,0.42812068514864554
56,-119.0,120,1,51.601176597862896,2.006930859883626,0.47055153697729113
57,-109.0,110,1,39.45911150695756,1.5057776364413176,0.5454361765899441
58,-110.0,111,1,174.48383975329418,3.9198594479947477,0.38582115392158695
59,-97.0,98,1,60.601954971806606,2.866999081202916,0.3841305275504686
60,-87.0,88,1,88.09739473045126,2.9960142482410776,0.4213849611749703
61,-152.0,153,1,110.41159884699238,5.164356047811072,0.46133088108663467
62,-92.0,93,1,61.119540185154975,1.9099366382886005,0.35942301194193543
63,-114.0,115,1,47.61069494517945,1.7087669040845788,0.3052550819257031
64,-79.0,80,1,66.7477128474522,1.9046121120452881,0.31151297986507415
65,-105.0,106,1,14.75096211853033,1.8699590620004907,0.3460550673024834
66,-92.0,93,1,17.64788428435643,1.6789908870573966,0.2585359194906809
67,-95.0,96,1,87.87721163793078,3.665388902028402,0.21917808327513436
68,-82.0,83,1,51.24247668357005,2.321871056614152,0.2680366847619235
69,-93.0,94,1,48.03036196234616,2.7701746960903737,0.23402803240621345
70,-85.0,86,1,61.32316929110675,1.8621935289959575,0.24841496248751185
71,-63.0,64,1,79.14620901569288,1.8729833364486694,0.21673798776464537
72,-90.0,91,1,60.902971893715275,2.0950761312966817,0.19614400571355453
73,-95.0,96,1,124.3945141462591,5.486420727024476,0.20618794528612247
74,-108.0,109,1,49.78702126264224,1.9602668832201477,0.20047861652089916
75,-112.0,113,1,52.85133848351527,2.3608805394805636,0.25796816315073356
76,-87.0,88,1,70.33404674568605,2.8652507175098765,0.3847046641167253
77,-112.0,113,1,13.83459169710873,1.7601720759298949,0.44383206429470956
78,-99.0,100,1,24.003734099885914,2.182079486846924,0.42973106300458314
79,-93.0,94,1,56.360548937277734,2.477811488699406,0.4367954463678155
80,-89.0,90,1,64.53193371414932,2.8955638461642796,0.45616192830105623
81,-127.0,128,1,37.6807245068303,1.5450284779071808,0.45157486479729414
82,-102.0,103,1,36.84598692774703,1.789931991725292,0.5050439273992788
83,-132.0,133,1,33.9314026211286,2.4247557848019707,0.5438839331325284
84,-133.0,134,1,38.46423429312226,3.0626801323534836,0.4277003734553261
85,-126.0,127,1,23.39219451280619,2.292611009492649,0.4906110687137354
86,-101.0,102,1,53.50489735444745,2.557558190588858,0.4011307929770327
87,-93.0,94,1,36.3290752297307,2.608922045281593,0.43288442462761983
88,-104.0,105,1,48.314657992089636,2.256739589146205,0.4514841822996026
89,-95.0,96,1,51.63406805290409,2.0654717286427817,0.4881673846199798
90,-97.0,98,1,41.39845155250775,2.135752892007633,0.42421829624443635
91,-100.0,101,1,17.419642332823727,2.080627686906569,0.5183116016485313
92,-98.0,99,1,44.89349178233342,2.0312213319720644,0.5288745368821453
93,-96.0,97,1,51.89417608041009,2.4965235523341858,0.5132518063116934
94,-113.0,114,1,44.10361029831039,2.3329455559713796,0.4971580349823885
95,-101.0,102,1,41.37309435179786,1.831997553507487,0.5507259069412362
96,-133.0,134,1,41.932180325146206,3.113401099817077,0.4898035183215319
97,-113.0,114,1,19.96294663361429,1.8681738000167043,0.43495699148951916
98,-105.0,106,1,49.25309246481959,3.3213754734903014,0.3514501629572994
99,-117.0,118,1,15.95608774673833,1.9753530146711964,0.5231208230479288
100,-106.0,107,1,13.941767254819284,1.7736682357075058,0.4975705662063349
101,-111.0,112,1,13.529524107613854,1.715221881866455,0.5147578217355269
102,-120.0,121,1,41.35204532311523,2.504150169940034,0.5135771520127935
103,-98.0,99,1,22.353811314480023,1.8337803464947324,0.5250976070611164
104,-109.0,110,1,33.54160839007355,2.317294571616433,0.45396774438294496
105,-97.0,98,1,23.298805822290444,1.8547981028654137,0.42437318803704516
106,-126.0,127,1,10.543984733284525,2.0545338683240995,0.44105581493358914
107,-86.0,87,1,51.997666500380326,2.6125463288405846,0.5008164031067114
108,-101.0,102,1,26.99096237227344,2.6928216148825252,0.5409370949309246
109,-103.0,104,1,42.72468868678865,2.2101964950561523,0.6152586598808949
110,-151.0,152,1,24.300783463664917,1.9935000068263005,0.708981837489103
111,-104.0,105,1,27.841415455658126,2.069986543201265,0.7740948262668791
112,-248.0,249,1,20.28160132677972,2.159655528853696,0.936215415537118
113,-113.0,114,1,17.631665665827505,1.9346414532577783,0.7526619405600062
114,-127.0,128,1,13.639722078899013,1.2730690836906433,0.7150548768695444
115,-145.0,146,1,11.126345692849211,2.0120029645423365,0.6686002622320227
116,-147.0,148,1,13.763512590277085,1.645041762171565,0.8425392840762396
117,-153.0,154,1,25.82344836355928,1.619725648458902,0.8039786020269641
118,-168.0,169,1,29.62224168781213,2.690360526361409,0.8653107214961532
119,-151.0,152,1,17.37559792342424,1.9892496058815403,0.8837722979093853
120,-179.0,180,1,20.777260390935893,1.9063182830810548,0.9067896227041881
121,-176.0,177,1,21.293241524137557,1.3703128577625685,0.8841778834660848
122,-194.0,195,1,24.420611029230834,1.9119575793926533,0.8511861504652561
123,-149.0,150,1,22.50077078948428,1.6587682596842448,0.8254875554641088
124,-130.0,131,1,31.586538598385733,1.9989988894862982,0.7919592334113958
125,-182.0,183,1,21.394886738036874,1.6525598953330451,0.8620725257800577
126,-188.0,189,1,16.62893297177833,1.2400490695206576,0.7228869885679275
127,-315.0,316,1,6.018946293667784,1.4239510312865051,0.6082325637623479
128,-341.0,342,1,10.52675821697775,1.3961136466578434,0.5488189614394254
129,-233.0,234,1,11.543334576952507,1.6829755734174678,0.5685848160686656
130,-261.0,262,1,18.819860763731914,1.4345094957424485,0.5188947870531155
131,-305.0,306,1,11.750093792528265,1.292785619598588,0.4808609693560725
132,-193.0,194,1,12.4477507994314,1.3806084308427633,0.3851658771025766
133,-161.0,162,1,24.598538299098347,1.5038977964424793,0.3498095417464221
134,-153.0,154,1,17.643547932461264,1.1585184815642122,0.33548251186291894
135,-274.0,275,1,18.557699402629144,1.4356281904740766,0.3893316609209234
136,-218.0,219,1,19.2266600063851,1.6190438989090592,0.28060094964558674
137,-170.0,171,1,25.10964176884705,1.5329964621025218,0.244568506027
138,-500.0,500,0,10.151495665522875,0.8588048324584961,0.11061522125452757
139,-155.0,156,1,15.573965442904573,1.2101346773978992,0.163211206618983
140,-168.0,169,1,18.937641560835452,1.690852148293038,0.17607925942487265
141,-157.0,158,1,27.153119394174023,1.1902844875673704,0.1686119060326792
142,-272.0,273,1,15.71421227997788,1.1270309839493189,0.22365113748953894
143,-145.0,146,1,21.261639881926932,1.2263866581328928,0.20572848573378097
144,-226.0,227,1,19.581569621466368,1.2654050079211265,0.19948153484136785
145,-167.0,168,1,17.381957394936414,1.659052122206915,0.13823937399623296
146,-179.0,180,1,19.337660134466002,1.4295395321316189,0.14557612949154444
147,-227.0,228,1,11.773746904096027,1.0926529901069508,0.20686747464596442
148,-221.0,222,1,18.20533793105278,1.4816581107474662,0.18438998723889258
149,-297.0,298,1,17.588945665727735,1.6775308567405547,0.09382161162106083
150,-123.0,124,1,8.982018435967714,1.2747185307164346,0.08269306218942567
151,-237.0,238,1,15.973810961019021,2.2444715099174437,0.07427049725621689
152,-142.0,143,1,19.05457683166463,1.2421794437861944,0.11321503577193806
153,-156.0,157,1,44.07294889728451,2.681339421849342,0.09440156190128178
154,-165.0,166,1,16.43702483374986,1.7165095087993576,0.09075170621017825
155,-142.0,143,1,26.461613989883293,1.7009817803656304,0.10292919659075307
156,-180.0,181,1,26.251621235392278,2.0746593580720174,0.09048457785627871
157,-136.0,137,1,13.408355015828818,1.9045896251706311,0.07965398361280995
158,-185.0,186,1,21.07117313667456,2.334642820460822,0.10703274459447912
159,-148.0,149,1,23.0804365387882,1.4309260733175597,0.0951757696800984
160,-159.0,160,1,23.222551901991572,1.2816576719284059,0.11926398411160335
161,-152.0,153,1,11.7506394093526,1.4875466091180938,0.0989874327810956
162,-165.0,166,1,17.239715525298468,1.484166133834655,0.09707316650773387
163,-148.0,149,1,10.147454208408048,1.3427893363389394,0.10017776221736965
164,-125.0,126,1,30.10341645057899,1.8633177015516493,0.09900545311485609
165,-168.0,169,1,26.437939797522663,1.962032792130871,0.10668710183859224
166,-147.0,148,1,18.569752981559045,1.3156236184609902,0.10869186152578206
167,-157.0,158,1,13.015218892249392,1.4983290177357347,0.11229111589167173
168,-135.0,136,1,12.628159691500032,1.4227175151600557,0.10043361801345942
169,-134.0,135,1,11.543088990598227,1.3174830118815104,0.06864402764994237
170,-227.0,228,1,40.340039182058895,2.8579672240374383,0.08814243783586119
171,-121.0,122,1,27.121896736011326,1.6788733748138929,0.08687662423328786
172,-184.0,185,1,33.54417831746364,2.9883759369721283,0.07250513348829102
173,-118.0,119,1,28.98013304198208,1.5743138609814042,0.07213468693916787
174,-136.0,137,1,14.88748206715499,1.349235117000385,0.09295908659934508
175,-146.0,147,1,8.080228627644432,1.3651601441052494,0.06997491807366411
176,-146.0,147,1,7.458996587200288,1.3221419587427257,0.0808144018060344
177,-195.0,196,1,10.212722222492983,1.371092718474719,0.08566926993852557
178,-117.0,118,1,16.95446654828512,1.8014527337025787,0.24569114045066348
179,-127.0,128,1,26.009881399768346,1.9972822070121765,0.27187061513450317
180,-224.0,225,1,8.466503989674772,1.6388480716281466,0.11532500679035568
181,-130.0,131,1,16.58066420423983,1.5967998941436068,0.2599015112465091
182,-111.0,112,1,21.432418191795087,1.9823502472468786,0.28529480559674475
183,-112.0,113,1,26.45697910511924,2.278322692465993,0.35931318654499506
184,-97.0,98,1,20.71527283265355,2.4541172105438855,0.3399488747533297
185,-142.0,143,1,21.607308938960102,2.7041301460532874,0.39622599353209476
186,-138.0,139,1,12.601110428447749,1.6319148660563736,0.24857452433311764
187,-134.0,135,1,14.606349039137692,2.1777025858561196,0.37591554136015476
188,-85.0,86,1,20.87688536798381,1.8199056581009265,0.34831079765396233
189,-172.0,173,1,27.8846659714957,2.9518756204946883,0.43217301899648
190,-180.0,181,1,13.263858894820746,1.7230668884614555,0.3642388702815949
191,-112.0,113,1,16.059123115168227,1.8387073921946298,0.333769067748969
192,-127.0,128,1,17.518485703430997,2.105976104736328,0.36091084286181285
193,-135.0,136,1,22.093613369808093,1.8397640059976017,0.38807376320148573
194,-118.0,119,1,14.512275866073475,1.742177177877987,0.33498377164144916
195,-89.0,90,1,24.676165378549193,1.7712964375813802,0.381313538696203
196,-124.0,125,1,16.44757203120389,2.105151840209961,0.37823821120429785
197,-107.0,108,1,14.65489058545912,1.4401706059773762,0.40374507261084447
198,-110.0,111,1,19.049601467013876,1.8839989739495355,0.4088425084682148
199,-75.0,76,1,19.712596854982333,1.661127993935033,0.37200667372273627
200,-101.0,102,1,27.998727573341647,1.8733560898724724,0.3612402493497083
201,-173.0,174,1,15.42604224764188,2.1476528891201676,0.39405205981449987
202,-113.0,114,1,11.916635588253644,1.3748754367493747,0.3861132068018298
203,-97.0,98,1,8.86594260856717,1.2893826426291952,0.32211399105809896
204,-99.0,100,1,15.922571889042155,1.713349609375,0.4033817516907584
205,-89.0,90,1,17.191110804788252,1.8288782331678601,0.43276680293104924
206,-134.0,135,1,18.711942032421078,2.0877468815556277,0.4497989010626312
207,-117.0,118,1,14.686900138871259,1.6063344923116394,0.4529664395890057
208,-103.0,104,1,17.366973670342794,1.8629151399318988,0.34565451495067323
209,-124.0,125,1,12.201887555735302,2.032026626586914,0.29788566545024514
210,-93.0,94,1,19.25301188651359,1.6419859947042261,0.3841080754930946
211,-99.0,100,1,5.392618392745499,1.306549587249756,0.33485872639110315
212,-112.0,113,1,20.502191660250435,2.0264540984567287,0.3089553706710581
213,-119.0,120,1,5.710289644357787,1.5206971883773803,0.3036334145668661
214,-90.0,91,1,16.722441255104737,1.5634012327089415,0.23498860817238854
215,-100.0,101,1,12.871810995213488,2.235584013532884,0.2201281202320784
216,-100.0,101,1,11.469648374908484,1.8873392992680615,0.2280371219327784
217,-96.0,97,1,14.758093434366902,1.972642446301647,0.2963600931377102
218,-117.0,118,1,8.058559231681086,1.6180075306003376,0.24188352021254536
219,-106.0,107,1,19.535244088073775,2.3341198858813703,0.2285929563570611
220,-86.0,87,1,16.944815545824582,1.7080795901945267,0.22947638628378125
221,-81.0,82,1,28.655553276583174,2.042695626979921,0.224253252064866
222,-77.0,78,1,20.86505428051579,1.7922704403217022,0.20935655190931776
223,-102.0,103,1,15.067699042662586,2.128922286542874,0.21782011491273648
224,-90.0,91,1,14.964498208953575,1.9874619704026442,0.2598614070083496
225,-105.0,106,1,10.41841096959073,1.735462026776008,0.22660483395953154
226,-78.0,79,1,22.0791006115165,1.827560907677759,0.2560402545105383
227,-109.0,110,1,21.608793974542937,2.072198451649059,0.2641443594634025
228,-113.0,114,1,13.628357247863166,1.5898583730061848,0.391766112863511
229,-500.0,500,0,9.11642147924626,0.7923015747070312,0.48089064248651264
230,-500.0,500,0,9.088736162540153,0.5856009063720703,0.7618204601630568
231,-500.0,500,0,9.398526066294988,0.5178769378662109,0.5246099636666477
232,-500.0,500,0,9.748448626282276,0.5246443634033203,0.43803193553723396
233,-500.0,500,0,9.961939919542289,0.44514472961425783,0.6248384118005633
234,-500.0,500,0,10.415433627707069,0.519119888305664,0.7054394823610782
235,-500.0,500,0,10.644130206548375,0.4863846435546875,0.6135906489789485
236,-500.0,500,0,10.95214712891006,0.48249264526367186,0.47657918800413607
237,-500.0,500,0,11.248632843090105,0.49158979797363284,0.4315793913975358
238,-500.0,500,0,11.431277002760558,0.465333740234375,0.35004363932460547
239,-500.0,500,0,11.674465943886084,0.49719503784179686,0.25447869638726117
240,-500.0,500,0,12.13086326261575,0.5981721801757812,0.24987427781522273
241,-500.0,500,0,12.069851824936574,0.4409614562988281,0.25927745887171477
242,-500.0,500,0,12.276845003526775,0.4207286224365234,0.18212747466471046
243,-500.0,500,0,12.344617235548679,0.38926820373535154,0.3151041331961751
244,-500.0,500,0,12.539285973863675,0.40993374633789065,0.45172830936312675
245,-500.0,500,0,12.70287292379362,0.3950456848144531,0.26375278264656665
246,-500.0,500,0,12.874737995659235,0.37936866760253907,0.1499020417816937
247,-500.0,500,0,12.99954537818581,0.3614948272705078,0.037786023339256646
248,-500.0,500,0,13.170954396419226,0.36620919799804685,0.028839138126932083
249,-500.0,500,0,13.267286981724203,0.3535025329589844,0.01477570545487106
250,-500.0,500,0,13.367216199293733,0.3449175262451172,0.014073291917331516
251,-500.0,500,0,13.44844887093082,0.3496668701171875,0.023124019656330347
252,-500.0,500,0,13.523128892967943,0.3416973419189453,0.04894006846100092
253,-500.0,500,0,13.644097817264496,0.34935125732421873,0.02235069071315229
254,-500.0,500,0,13.6983853162491,0.33695884704589846,0.015761817603372037
255,-500.0,500,0,13.763346712622791,0.33678590393066404,0.011188559890259058
256,-500.0,500,0,13.826530557908118,0.33479649353027346,0.00644470695592463
257,-500.0,500,0,13.88821810567379,0.33473098754882813,0.008761909401975573
258,-500.0,500,0,13.92998280807957,0.32982864379882815,0.00709361582249403
259,-500.0,500,0,13.9722904714467,0.3310395202636719,0.024036932433024048
260,-500.0,500,0,14.006168101899325,0.32825523376464844,0.0062038622782565655
261,-500.0,500,0,14.04185152124986,0.32771658325195313,0.006860018945299089
262,-500.0,500,0,14.071366670329123,0.3273648223876953,0.025051072233356536
263,-500.0,500,0,14.123301762527321,0.34961575317382815,0.08153505423665047
264,-500.0,500,0,14.080369890266098,0.32886984252929685,0.038565476486459374
265,-500.0,500,0,14.620366758413613,0.3192991485595703,0.028695686222985385
266,-500.0,500,0,14.65977675202489,0.4138995361328125,0.11207483700662851
267,-500.0,500,0,14.353405322104692,0.3602969207763672,0.09715039102733135
268,-500.0,500,0,14.216485564739443,0.326494384765625,0.5517072043716907
269,-500.0,500,0,14.611241080116015,0.4308148956298828,0.5387459571957588
270,-500.0,500,0,14.413831940939883,0.3684950256347656,0.5530888549387455
271,-500.0,500,0,14.427099811275024,0.3959044189453125,0.6191319526135921
272,-500.0,500,0,14.578436318303691,0.4415290832519531,0.6790945278406143
273,-500.0,500,0,14.778192966445,0.4084456329345703,0.6764157002568245
274,-500.0,500,0,14.614598069146043,0.41137271118164065,0.6301443994343281
275,-500.0,500,0,14.619237412458054,0.3903996124267578,0.628096293747425
276,-500.0,500,0,14.638240998256252,0.42428218078613283,0.7452185975462198
277,-500.0,500,0,14.632809765130514,0.43587103271484373,0.5455791078060865
278,-500.0,500,0,14.548367928341147,0.4326591491699219,0.6387531389184297
279,-500.0,500,0,14.498583558575367,0.40764231872558593,0.6267431777454913
280,-500.0,500,0,14.645515560887986,0.4911965026855469,0.6512982614971697
281,-500.0,500,0,14.595655772324069,0.4483968353271484,0.6806388548314571
282,-500.0,500,0,14.753143041957285,0.4862813415527344,0.5048091041147709
283,-500.0,500,0,14.618199720490491,0.41113414001464843,0.4749763058014214
284,-500.0,500,0,14.42619056350051,0.3788520965576172,0.3782967822626233
285,-500.0,500,0,14.874685889043961,0.5026444854736328,0.3208951713889837
286,-500.0,500,0,14.480692839461728,0.3513404541015625,0.43612354663014413
287,-500.0,500,0,14.531418771464262,0.3808360748291016,0.5486922710388898
288,-500.0,500,0,14.527091840621432,0.37963682556152345,0.3602760528028011
289,-500.0,500,0,14.476342793067568,0.3430101623535156,0.2060516922697425
290,-500.0,500,0,14.452482665198971,0.3267098083496094,0.13989918994903563
291,-500.0,500,0,14.461248488404905,0.33726480102539064,0.17611629875004292
292,-500.0,500,0,14.448164613262866,0.3244537658691406,0.08192700153589248
293,-500.0,500,0,14.434856021629995,0.3262570648193359,0.1246153062582016
294,-500.0,500,0,14.422721898431773,0.32921615600585935,0.2733301511332393
295,-500.0,500,0,14.426577835014905,0.33968032836914064,0.279622597001493
296,-500.0,500,0,14.425477670443478,0.33105921936035154,0.08537674357369542
297,-500.0,500,0,14.420354012320283,0.3296681060791016,0.10779125605523586
298,-500.0,500,0,14.398565445960616,0.3217462615966797,0.07845568621903658
299,-500.0,500,0,14.394482492379844,0.32930580139160154,0.20825345555692912
300,-500.0,500,0,14.445576644345186,0.33808236694335936,0.1560745056346059
301,-500.0,500,0,14.869121077368268,0.3905998840332031,0.11512819207087159
302,-500.0,500,0,14.647331101107877,0.3555365295410156,0.12961441452801228
303,-500.0,500,0,14.551008703634725,0.3314120330810547,0.10170611449703575
304,-500.0,500,0,14.508836343515664,0.32970355224609377,0.0721317383274436
305,-500.0,500,0,14.504926986014937,0.3369296112060547,0.18280789119750263
306,-500.0,500,0,14.460721648586565,0.32569657897949217,0.14396537347137928
307,-500.0,500,0,14.469436671809177,0.34781895446777344,0.13220538899302484
308,-500.0,500,0,14.45958266000566,0.3344411315917969,0.0985030126888305
309,-500.0,500,0,14.423221936234272,0.32368423461914064,0.14111567356064916
310,-500.0,500,0,14.426352577537298,0.344322021484375,0.16906995286978782
311,-500.0,500,0,14.423211003020523,0.3421378936767578,0.14740346655715256
312,-500.0,500,0,14.435031913480953,0.3436546325683594,0.15175388629175723
313,-500.0,500,0,14.421426759435562,0.3386571044921875,0.2527829774469137
314,-500.0,500,0,14.532890275293612,0.3591616516113281,0.36743741004914043
315,-500.0,500,0,14.726169760208112,0.5056144256591797,0.30201365358009935
316,-500.0,500,0,14.479420657636364,0.3656424407958984,0.21252039619535207
317,-500.0,500,0,15.358079262811458,0.42318975830078126,0.23725646033138037
318,-500.0,500,0,15.083833831040188,0.3470580902099609,0.055735023196786644
319,-500.0,500,0,14.90251587869972,0.33382594299316404,0.07798400770872832
320,-500.0,500,0,14.807908612354659,0.3151312713623047,0.06151108038797975
321,-500.0,500,0,14.740372326111537,0.31759515380859377,0.15873196012154223
322,-500.0,500,0,14.701598915405688,0.32382868957519534,0.1315934002622962
323,-500.0,500,0,14.654973455386237,0.3127603607177734,0.03651914337091148
324,-500.0,500,0,14.623801351916976,0.31266542053222657,0.042438792634755376
325,-500.0,500,0,14.602907979362644,0.31581343078613283,0.04315830440446734
326,-500.0,500,0,14.836361070819315,0.3407884063720703,0.25085368351638315
327,-210.0,211,1,39.452384845099864,2.434985192466121,0.30338888309931306
328,-273.0,274,1,30.999399970976864,2.235470180093807,0.3390694550530863
329,-156.0,157,1,36.12546073134906,1.146625786070611,0.36373784428664074
330,-159.0,160,1,50.48394760255869,1.7353311061859131,0.3206024586223066
331,-500.0,500,0,18.638370894450695,1.5775844116210938,0.3110619442202151
332,-163.0,164,1,40.458117211164435,1.4298313652596824,0.3334371427687385
333,-211.0,212,1,8.992675144884588,0.7580914587344764,0.3767176604003839
334,-365.0,366,1,24.058123424433585,1.2325610384915044,0.3494925833449704
335,-500.0,500,0,8.970937859534054,0.784839500427246,0.3768695340715349
336,-500.0,500,0,11.619357056325534,0.5491374206542968,0.4275367602184415
337,-500.0,500,0,14.23552019831317,0.3517221221923828,0.3401883298531175
338,-500.0,500,0,14.154261636013281,0.34514097595214843,0.23568924371898176
339,-500.0,500,0,14.267346598859877,0.4938742980957031,0.2291165827512741
340,-500.0,500,0,9.880282083883067,0.9610996704101562,0.38831298213265836
341,-355.0,356,1,21.137295205417328,1.3977233854572424,0.38400542584321135
342,-253.0,254,1,11.84042742600945,1.261431311059186,0.3429482610690899
343,-159.0,160,1,42.13941793632803,1.6383900880813598,0.3097949830815196
344,-226.0,227,1,17.408747374456357,1.4734218320132353,0.2837866291748401
345,-215.0,216,1,31.564315971192425,1.5488324341950592,0.3165482054464519
346,-382.0,383,1,13.547192169923663,1.3491780104276094,0.24343164937264303
347,-286.0,287,1,5.2816019376384125,0.7587592958988628,0.3837514026707058
348,-500.0,500,0,13.856762997130748,0.40537324523925783,0.3576007627174258
349,-500.0,500,0,13.709185173467267,0.3682162475585937,0.25047479431703684
350,-224.0,225,1,6.9972917704374735,1.1825894037882487,0.3814826912350125
351,-218.0,219,1,35.31983803101543,2.898166168770289,0.30763796081587874
352,-140.0,141,1,16.355591344277222,2.0237434603643756,0.35134075980976964
353,-185.0,186,1,46.18566280037856,2.184297356554257,0.29365873070914417
354,-147.0,148,1,21.441817729430653,1.7867860794067383,0.253450610712674
355,-128.0,129,1,48.71394335393083,1.8838316155958545,0.32194750631127017
356,-309.0,310,1,5.0266338945456575,0.6714382048576109,0.22244045268443804
357,-242.0,243,1,37.57034351008009,2.3815355575624317,0.3235833922615696
358,-195.0,196,1,25.637365155469634,1.664402621132987,0.290238065426523
359,-500.0,500,0,12.39579337587161,0.6231120910644531,0.18389045257866382
360,-500.0,500,0,13.451391780104489,0.35368955993652346,0.05051388455927372
361,-500.0,500,0,13.528146907237941,0.34185971069335935,0.045662937819957734
362,-500.0,500,0,13.608203630869276,0.34168951416015625,0.030237411202862857
363,-500.0,500,0,13.677242852896452,0.33701507568359373,0.018863772509619594
364,-500.0,500,0,13.743304994264617,0.3389603118896484,0.025523532623425126
365,-500.0,500,0,13.79423102828767,0.3335302734375,0.018649164168164135
366,-500.0,500,0,13.84916970418021,0.3333691101074219,0.026996128011494876
367,-500.0,500,0,13.921743921895978,0.34043177795410157,0.10973763495311141
368,-500.0,500,0,13.926527867034427,0.34249757385253904,0.16713662899285556
369,-500.0,500,0,13.954555658393074,0.33587472534179685,0.0585427469369024
370,-500.0,500,0,14.022155209833755,0.3396315460205078,0.03979786785971373
371,-500.0,500,0,14.021495603464544,0.3282207489013672,0.04420186216197908
372,-500.0,500,0,14.05707927245507,0.33471963500976565,0.056454820781946184
373,-500.0,500,0,14.083314954712987,0.33359919738769533,0.020787120554596184
374,-500.0,500,0,14.100530610403512,0.32578453063964846,0.020185315055772663
375,-500.0,500,0,14.122350592974573,0.3254248809814453,0.023125928545370697
376,-500.0,500,0,14.144508124694228,0.32693592834472657,0.016983550192788244
377,-500.0,500,0,14.159848686674609,0.3234258728027344,0.014210684196092189
378,-500.0,500,0,14.18609147897642,0.3273439483642578,0.016674724500626327
379,-500.0,500,0,14.192935185454786,0.32304229736328127,0.01687465676292777
380,-500.0,500,0,14.209187202885747,0.32404074096679686,0.018528547702357172
381,-500.0,500,0,14.22428550786525,0.3236745910644531,0.013598078682553022
382,-500.0,500,0,14.233082028657197,0.32557785034179687,0.014172836667858063
383,-500.0,500,0,14.240386039301754,0.32317605590820314,0.011942973270080984
384,-500.0,500,0,14.25210440979246,0.32229541015625,0.013447479006834328
385,-500.0,500,0,14.272841019865126,0.3273512115478516,0.023900411007925868
386,-500.0,500,0,14.27265148803778,0.3212892608642578,0.03231836150586605
387,-290.0,291,1,10.34293452623365,1.03298971169593,0.15561755981033867
388,-157.0,158,1,19.544228377233296,1.6998819037328792,0.11985796047197773
389,-188.0,189,1,51.782466948504506,2.81560026905524,0.08361367971473743
390,-174.0,175,1,19.774975651317675,2.490546602521624,0.05668357943051628
391,-184.0,185,1,11.744308117596194,1.9162369289913692,0.08005770539512505
392,-189.0,190,1,36.316992295447946,2.399448113692434,0.10023141209477264
393,-139.0,140,1,32.35323808687681,2.002707590375628,0.10127155501062848
394,-166.0,167,1,8.693428666757498,1.673959345160844,0.07926761338342271
395,-152.0,153,1,20.517499423882576,2.587388655718635,0.10030084771402424
396,-220.0,221,1,29.93769691750324,1.413328869849848,0.13592357868202268
397,-194.0,195,1,35.48919183438769,1.720721220358824,0.16062585603063687
398,-117.0,118,1,47.84887261631488,1.8209377224162473,0.10099671158339765
399,-193.0,194,1,19.475859110369935,1.959839739750341,0.12440874135678577
400,-125.0,126,1,17.289492930640883,1.6449786292182074,0.14958590006692304
401,-170.0,171,1,35.048867271416235,2.1754959731074104,0.20386876300935858
402,-236.0,237,1,33.08599460376982,1.9910173617334808,0.2406875706328873
403,-147.0,148,1,13.613539158610857,1.6685265077126992,0.308553593541571
404,-162.0,163,1,15.161378593261189,1.8884998538011422,0.3034246430383778
405,-172.0,173,1,21.534021454133804,2.328003602220833,0.2461068382045265
406,-145.0,146,1,11.870992832085555,1.8467479666618452,0.23485695404855356
407,-236.0,237,1,17.534462286172904,2.177790456683324,0.16123921884703235
408,-164.0,165,1,26.104337698546463,1.6494336677320076,0.21479382758790797
409,-148.0,149,1,15.773279835882553,2.096441089706933,0.22362698558967986
410,-134.0,135,1,26.71381770204925,2.7094309912787544,0.19944107049593218
411,-125.0,126,1,36.74731997130734,1.807874074057927,0.17441451857753454
412,-183.0,184,1,26.14932836523297,2.226318141688471,0.1697730295329719
413,-200.0,201,1,34.92006717680227,1.955489353160953,0.14976329724095874
414,-150.0,151,1,14.45932045720698,1.8608048293764228,0.17483243550981906
415,-269.0,270,1,8.657690026709666,1.664958734865542,0.09483426445922642
416,-184.0,185,1,24.53358954904047,2.7024644129985087,0.18241344999421288
417,-149.0,150,1,37.87323993124611,1.4445936330159506,0.1896468384563923
418,-200.0,201,1,12.052508841120737,1.4694103696453038,0.14419800232150662
419,-143.0,144,1,10.6474235841888,1.391873174243503,0.13299984684757268
420,-159.0,160,1,31.137867456373442,2.374669110774994,0.12040379143872997
421,-169.0,170,1,19.081827232266967,2.3577723229632657,0.10998297495603124
422,-132.0,133,1,22.6462981740741,1.6545534922664327,0.11708554109957602
423,-154.0,155,1,38.544965912504196,2.371025393086095,0.13304162296736913
424,-168.0,169,1,17.340393361805308,2.689542127078807,0.10331556620902917
425,-125.0,126,1,14.134526189409256,1.875759102049328,0.13122656406642544
426,-178.0,179,1,35.69507012608287,2.817779541015625,0.15301713661431185
427,-135.0,136,1,26.56597105723503,2.2975845757652733,0.1900511294541716
428,-117.0,118,1,25.57926635328341,2.522392741704391,0.24670194821842648
429,-117.0,118,1,33.436769377497434,2.1462342698695296,0.2261300561002503
430,-139.0,140,1,23.99438505546506,2.157881682259696,0.19177186575917793
431,-138.0,139,1,42.112371400690456,2.6527507287992846,0.12481857565727433
432,-118.0,119,1,13.212910972614361,1.804744255642931,0.18094566533295045
433,-139.0,140,1,11.88434048013504,1.9301539284842355,0.1558416312427393
434,-121.0,122,1,13.303804228681551,1.4670115611592278,0.21069860493489465
435,-108.0,109,1,37.615923317611205,2.0129790349837835,0.22346768828766814
436,-122.0,123,1,22.38658991888567,2.418124005077331,0.17077261365749458
437,-108.0,109,1,28.807408592600826,1.7842403901826351,0.15167242598959133
438,-135.0,136,1,9.918567546668996,1.8004709271823658,0.17674191000696737
439,-148.0,149,1,17.11548658892131,2.100101842176194,0.2565035885387419
440,-115.0,116,1,41.09362858094893,1.9864656185281688,0.16191849680236092
441,-144.0,145,1,9.255328088454453,1.8079946583714979,0.17828421473005338
442,-183.0,184,1,13.419752585256546,2.1472097894419795,0.1684414445822451
443,-109.0,110,1,27.155863205133937,1.6204076593572443,0.2763692707564174
444,-170.0,171,1,13.01719215551736,2.2345071640628125,0.3321412413119616
445,-137.0,138,1,45.9573810549636,2.4925322878187983,0.30996019477480213
446,-117.0,118,1,16.090321234850137,2.219226901814089,0.30008252792877255
447,-95.0,96,1,44.75089918468924,1.9102301200230916,0.3331472198284852
448,-91.0,92,1,29.90418066730237,2.0579925205396568,0.3225831490784438
449,-82.0,83,1,16.033433920729074,1.9664811973112175,0.28286008901209625
450,-93.0,94,1,13.570504112371635,2.4510827977606593,0.2695147313804247
451,-92.0,93,1,27.59165857779488,2.334292196458386,0.32309739471798743
452,-96.0,97,1,9.379474000519227,1.8272243185141652,0.30970410018446426
453,-116.0,117,1,12.020506823612536,2.267818402021359,0.29672028094084346
454,-128.0,129,1,15.736307118236459,2.4184583545655243,0.33951536466028226
455,-98.0,99,1,29.238026574879623,3.28048049560701,0.2683615595716136
456,-82.0,83,1,19.237652751964976,2.398245018648814,0.30809876396662994
457,-113.0,114,1,34.082249511623544,2.644730835630183,0.31823635470528533
458,-88.0,89,1,25.253599689650777,2.0436105620994995,0.3297793367227508
459,-377.0,378,1,12.999344652013018,2.5480011392522743,0.3231371085385228
460,-110.0,111,1,11.746765743558393,2.171594808767508,0.25837551467624065
461,-160.0,161,1,14.553148633520616,2.247691829752478,0.2274922445656512
462,-131.0,132,1,9.197014140050724,1.6055541472001509,0.3221846096685939
463,-156.0,157,1,13.194731634449077,1.642102921844288,0.32801185571143676
464,-70.0,71,1,44.57710269412918,2.209057713898135,0.3021602930310904
465,-153.0,154,1,10.178487545133692,1.387795522615507,0.3281786142672297
466,-126.0,127,1,13.30462506418639,1.7939606764185148,0.2393029591088792
467,-212.0,213,1,7.855294030018428,1.7349703524594016,0.1600100752512789
468,-158.0,159,1,10.18221276049918,1.8284484515400052,0.26298845895571904
469,-124.0,125,1,10.02505947244959,1.9266131134033204,0.19527927874587475
470,-160.0,161,1,13.818295177652285,1.1703389564656324,0.2922680132508261
471,-112.0,113,1,19.0727905629144,1.6971352163669282,0.24005415698356794
472,-219.0,220,1,11.775643434500141,1.8493577870455655,0.18841917441975303
473,-134.0,135,1,8.605819418178699,1.762810770670573,0.22347292554267267
474,-139.0,140,1,11.699654766423295,2.248278536115374,0.22636428513838577
475,-130.0,131,1,10.107709450649457,1.9805384774244468,0.21767672212511827
476,-121.0,122,1,19.19006712191173,2.4016839168110833,0.25185757050420476
477,-140.0,141,1,10.726900791814584,1.9037511703815866,0.18405830096833223
478,-103.0,104,1,12.518199269543402,1.962845463019151,0.28919189819526553
479,-105.0,106,1,9.948294055323613,2.024496186454341,0.28083765560613927
480,-136.0,137,1,11.196040529071142,2.3574891960533866,0.2177451077936197
481,-98.0,99,1,13.114643248995163,1.6673661819612138,0.3079012574591542
482,-109.0,110,1,18.976333702032306,1.6124427448619496,0.26652809316556986
483,-122.0,123,1,9.026455534029585,1.8448775764403305,0.31814247074042923
484,-111.0,112,1,24.23554504238304,2.21302820955004,0.2545634690863413
485,-121.0,122,1,17.070090820295277,2.4041208595526022,0.2541591587665369
486,-87.0,88,1,7.410703002697449,1.5954652482813054,0.20564546056828642
487,-65.0,66,1,28.017532015783768,1.9582875858653674,0.1604154344858023
488,-64.0,65,1,15.342350433054023,1.5644911252535307,0.21756382752926304
489,-90.0,91,1,18.356766753645797,2.1812901130089393,0.3252239043521823
490,-108.0,109,1,11.936074468905428,2.003036009062321,0.264470323608385
491,-109.0,110,1,12.723087386376077,1.999924659729004,0.3452462294604629
492,-100.0,101,1,28.705287295705,2.492539301957234,0.36605277775768374
493,-97.0,98,1,9.83051157930191,1.7975643313660914,0.19682408692802264
494,-96.0,97,1,21.270269292336078,1.901243327819195,0.1921002014069674
495,-141.0,142,1,4.558058646589569,1.2797778559402682,0.158380253684402
496,-159.0,160,1,5.96497279480609,1.359149980545044,0.15837750835707992
497,-139.0,140,1,5.31246604919683,1.5805802856172835,0.10471612848424619
498,-178.0,179,1,8.842021361219814,1.7005384594368536,0.15437701353335015
499,-148.0,149,1,4.890046581477098,1.5008930667934801,0.0920672307959789
500,-143.0,144,1,8.897445224253008,1.5857218239042494,0.1389748461046515
501,-198.0,199,1,10.077782711794836,2.0383829183913953,0.08879693214905603
502,-126.0,127,1,6.186133271382983,1.449839907368337,0.16944273322908662
503,-138.0,139,1,6.8539229805059705,1.7055504819472058,0.10280868077647316
504,-153.0,154,1,8.150358596097378,2.009401748706768,0.11408848582552263
505,-165.0,166,1,9.112338118562658,1.6941291653966328,0.1556274991451639
506,-131.0,132,1,14.43174538233672,1.627684650999127,0.12105236119003332
507,-148.0,149,1,4.453930722451503,1.336612362189581,0.1497783262830309
508,-137.0,138,1,5.31405382624834,1.4338106625321982,0.10537616812887238
509,-156.0,157,1,8.087672411274701,1.6551973136367313,0.15679730899976033
510,-123.0,124,1,26.77816899094145,1.8145378789594095,0.11615454922561654
511,-162.0,163,1,6.707535230378946,1.71750042921195,0.1484325784047854
512,-156.0,157,1,17.94814993411519,2.081885356052666,0.24723878531893984
513,-121.0,122,1,6.530606281938013,1.610271547661453,0.23062308561333578
514,-128.0,129,1,3.8907538710014045,1.4618682288384253,0.2820097943785954
515,-125.0,126,1,13.031296128747128,1.9635333560761952,0.3567549873232132
516,-142.0,143,1,6.346339746754473,1.570676206708788,0.337384895503788
517,-147.0,148,1,12.394041600308835,2.2824895671896033,0.5018508175932299
518,-93.0,94,1,23.945720240193854,2.1396580959888216,0.40605393195762596
519,-102.0,103,1,10.311441331437237,2.1679710462255386,0.4259523335229425
520,-116.0,117,1,6.325089844588477,1.7327570426158416,0.37661021233448744
521,-119.0,120,1,19.439313024941658,1.8671517213185629,0.45821224996858895
522,-88.0,89,1,12.743204380997248,1.7901081556684515,0.3877797775020237
523,-170.0,171,1,8.020199873003778,1.8015680114428203,0.37526652336458277
524,-200.0,201,1,12.23538226713677,1.886898676554362,0.3832942584416
525,-274.0,275,1,10.108943644693671,2.0624403017217463,0.5421612490480766
526,-131.0,132,1,10.604409890519685,2.214763677481449,0.5675403461138944
527,-149.0,150,1,7.03500451587936,1.7445274289449055,0.5109976460854523
528,-194.0,195,1,9.83613501498416,2.224117719210111,0.4955911044246302
529,-264.0,265,1,8.937894678896926,1.7631850116657761,0.3973569535905109
530,-190.0,191,1,15.601043899471204,1.893925122565624,0.4756760835947459
531,-130.0,131,1,18.754154316311833,2.097496425832501,0.4198198012575749
532,-97.0,98,1,17.707395231447478,1.8000089489683813,0.41552867384494413
533,-112.0,113,1,9.582499261463857,1.9073465060343784,0.4568871889434409
534,-199.0,200,1,15.61305461857417,1.7086564779281617,0.37214340386912226
535,-177.0,178,1,9.869608288363677,1.82847230889824,0.35194875450747276
536,-128.0,129,1,12.981775195035514,1.4228556581245837,0.372745705711612
537,-113.0,114,1,6.914805912182553,1.4696275142201207,0.3289473274877916
538,-116.0,117,1,8.104812129180775,1.7536406883826623,0.3525869886432655
539,-120.0,121,1,16.886763502526183,2.072789499582338,0.2626882990733682
540,-147.0,148,1,12.107966045064401,1.5021378156301137,0.19929260397298462
541,-135.0,136,1,7.391281256870356,1.3413553097668816,0.1931685223201331
542,-129.0,130,1,8.955701638351176,1.681221133012038,0.18513266758527608
543,-199.0,200,1,14.521900025177455,2.3989425253868104,0.2516457062592963
544,-148.0,149,1,9.437433505796472,1.7784112379854957,0.21929104446164713
545,-117.0,118,1,11.41559833295888,1.5928507821034577,0.2235996167933158
546,-135.0,136,1,6.088444230513072,1.7074805603307837,0.152183460919546
547,-142.0,143,1,6.361436056532455,1.3701223426765494,0.14398373436374864
548,-148.0,149,1,7.901157857806538,1.8145078684659612,0.1236326961126491
549,-150.0,151,1,8.956944150977,1.9443951695170623,0.1166076900646405
550,-157.0,158,1,6.476922364368805,1.733445501025719,0.10928164728360157
551,-160.0,161,1,7.674536584141561,1.6856843462641935,0.11591376509461031
552,-155.0,156,1,16.80242733132717,1.5791215896606445,0.1104521452380607
553,-129.0,130,1,5.768136486600941,1.2803564951970028,0.09264237583937267
554,-127.0,128,1,6.972817050282629,1.403901532292366,0.10291432242183873
555,-164.0,165,1,12.519805520912632,2.2724318446535055,0.10600280178760206
556,-160.0,161,1,13.738564656843845,2.154206669848898,0.11320425322935887
557,-115.0,116,1,11.154609221451398,1.5964467114415661,0.12321042727903816
558,-141.0,142,1,7.313421411653342,1.5010599216944736,0.08851469400491316
559,-176.0,177,1,14.11616878805315,2.0630434488846086,0.060232433301526896
560,-159.0,160,1,6.8254267631629775,1.6491134285926818,0.0847363811575633
561,-136.0,137,1,5.470618463546653,1.4991802229498425,0.06383618024002802
562,-148.0,149,1,5.253500901779079,1.4684188213924434,0.03433329341917505
563,-122.0,123,1,20.750843513108308,1.4421565978507684,0.05518845104914333
564,-177.0,178,1,5.739804905745412,1.4898288491066922,0.05050011490062246
565,-336.0,337,1,2.4982684732538107,0.8511696484393111,0.07929858647581212
566,-157.0,158,1,11.49421436514645,1.2905800976330721,0.12751966935366574
567,-167.0,168,1,7.764570426179922,1.7807313998540242,0.10178099441864538
568,-167.0,168,1,7.018718167058458,1.7412470359177816,0.07854716534486561
569,-223.0,224,1,10.242448426761516,2.235035774963243,0.052326546057234476
570,-165.0,166,1,7.1745902506714545,1.726444822118943,0.04707828960055345
571,-162.0,163,1,8.024644997642602,1.8893506161274354,0.049108445309416784
572,-181.0,182,1,6.604950521199498,1.767639894734372,0.07159455441425243
573,-180.0,181,1,4.749820584136715,1.4634146683782503,0.06597980091898852
574,-148.0,149,1,5.029240061171141,1.4746863665996781,0.10248664373453026
575,-134.0,135,1,5.908033288572052,1.5489791093049226,0.08702287311747636
576,-166.0,167,1,4.851380906881999,1.50797114971869,0.07000704174951934
577,-161.0,162,1,6.943230216941483,1.6111186816368575,0.06878634790435756
578,-143.0,144,1,6.780078722597358,1.7927960455417633,0.10078095321781196
579,-171.0,172,1,9.933796777779799,2.04650749162186,0.07974714916307739
580,-154.0,155,1,6.981555422520144,1.8595416038267074,0.07229884633336277
581,-142.0,143,1,7.827386136668233,1.737438575371162,0.10489111328786532
582,-197.0,198,1,8.3882241810906,1.830334343091406,0.22630473768874776
583,-344.0,345,1,4.02793828461056,0.9840678311776424,0.11719555889346563
584,-153.0,154,1,9.520943792855485,1.9461078643798828,0.1281407814361034
585,-163.0,164,1,5.628350768588971,1.4863434070494117,0.10009737861773607
586,-116.0,117,1,36.50774594029048,1.8511825300689437,0.09676196392546965
587,-131.0,132,1,14.223489128394938,1.557504466085723,0.06338853502254069
588,-138.0,139,1,3.241519558223353,1.165685602229276,0.05629325735009202
589,-290.0,291,1,10.207149654760114,1.449054816334518,0.034679264039412475
590,-157.0,158,1,4.8054725855011995,1.223130775403373,0.07768214991499664
591,-185.0,186,1,15.252649223610948,2.2384148720772035,0.060608302471033916
592,-146.0,147,1,6.602369683317632,1.4184255275596567,0.07736190818941148
593,-259.0,260,1,8.128633055085308,1.8712090345529409,0.05476637496221184
594,-122.0,123,1,23.52753889362604,1.3389659044219226,0.076909380061533
595,-130.0,131,1,18.121723594359043,1.5654083426672083,0.04656893822927924
596,-137.0,138,1,15.433202481157661,1.454033865444902,0.06458872008532626
597,-158.0,159,1,5.728308976282027,1.35207573272897,0.04986214373295881
598,-180.0,181,1,6.129726337228107,1.6259699104899201,0.04724864584656859
599,-120.0,121,1,21.76871551740732,1.358642893389237,0.07479833215061375
600,-144.0,145,1,4.142467717027215,1.2300616626081795,0.05478221026875464
601,-147.0,148,1,3.523645895722832,1.2353561826654382,0.04605879488155699
602,-162.0,163,1,3.7287379271577383,1.2820903567448716,0.0466753332788179
603,-141.0,142,1,8.583477348399933,1.3285993790962327,0.03425072961995988
604,-221.0,222,1,7.883814024742179,1.5393359639623143,0.04380191953080341
605,-122.0,123,1,16.575710418553193,1.2671727746482786,0.03191797910125669
606,-175.0,176,1,8.451657820784435,1.7984197288751602,0.04055752540460327
607,-151.0,152,1,9.058691140528122,1.6709787594644647,0.039889680356664986
608,-170.0,171,1,4.515531003614071,1.3827482915064047,0.049874982612795736
609,-161.0,162,1,17.609159113333007,2.1409489078286255,0.033359676500423784
610,-165.0,166,1,13.144786820819894,2.645071437559932,0.04655367898732334
611,-243.0,244,1,7.964721035995696,1.5930048520447777,0.04797612207790944
612,-161.0,162,1,14.015166919297943,1.7055665828563549,0.042092863597869755
613,-188.0,189,1,3.7609967553483634,1.2581269513993036,0.04463435791829532
614,-122.0,123,1,20.371102305234345,1.4691956682903011,0.03380566761318814
615,-188.0,189,1,6.781856441443168,1.5720398457592757,0.055006525796627445
616,-168.0,169,1,5.984977766061367,1.3381770658775194,0.060767237998038175
617,-150.0,151,1,6.73956008236516,1.6284908837829994,0.06582441122890974
618,-173.0,174,1,6.990890883452319,1.7274208123656525,0.055727077394806854
619,-261.0,262,1,10.493102398770327,1.1579732822097895,0.06131131316709353
620,-158.0,159,1,5.193094816390182,1.5821199094724354,0.08009835717534798
621,-208.0,209,1,10.119318162369373,2.292089220439418,0.1578062171451792
622,-256.0,257,1,11.47354153350793,2.278283631291371,0.1405877383479736
623,-126.0,127,1,22.875934166357556,1.4448722178541769,0.0696515041847134
624,-139.0,140,1,4.549901992328731,1.42222809110369,0.0875280807459993
625,-308.0,309,1,5.1756951281746995,1.3034423593564326,0.06375092166305661
626,-198.0,199,1,9.023675818579218,1.9258418993734234,0.0577110674601673
627,-138.0,139,1,5.190805381070152,1.501125685602641,0.04243309107666045
628,-307.0,308,1,6.063104184366711,1.5035238691738673,0.07482732496594378
629,-129.0,130,1,10.378376840928999,1.8282833832960863,0.060265880589185354
630,-157.0,158,1,5.572645190670439,1.5149138200132153,0.04293283855371602
631,-182.0,183,1,4.36487976314603,1.3209314893503659,0.07276092594250264
632,-156.0,157,1,4.440497783770871,1.4690483937597578,0.05536942093471468
633,-322.0,323,1,6.184426026065414,1.3309223910234291,0.033254799658674804
634,-500.0,500,0,12.943889261953533,0.37277540588378905,0.001947679630946368
635,-500.0,500,0,13.149329947859048,0.3545010833740234,0.0029660546900704505
636,-500.0,500,0,13.296477085538209,0.3483632202148437,0.003098385800141841
637,-500.0,500,0,13.52322145729512,0.3588466796875,0.003069468832341954
638,-500.0,500,0,13.513479791242629,0.3413182067871094,0.0030592098804190756
639,-500.0,500,0,13.601225467070938,0.33879150390625,0.0017852021420840174
640,-500.0,500,0,13.677208521872759,0.3366502990722656,0.0027232799315825107
641,-500.0,500,0,14.144902925543487,0.3744361877441406,0.010865433202590794
642,-163.0,164,1,11.453833244767937,1.6935305828001441,0.04823989891262566
643,-500.0,500,0,13.591065311085433,0.3396759033203125,0.0018556960884016007
644,-407.0,408,1,13.467813924617504,1.9058002864613253,0.03036508021143484
645,-500.0,500,0,13.618964876325801,0.34925621032714843,0.008381157248048112
646,-500.0,500,0,13.689638752806932,0.33737107849121095,0.004291837288066745
647,-349.0,350,1,9.5016420194347,1.6107710238865445,0.09074279633067947
648,-158.0,159,1,16.480645657138115,2.4581030359808005,0.10140829664067828
649,-166.0,167,1,9.762749791142884,2.057728516127535,0.09061512302657489
650,-116.0,117,1,26.231931181314092,1.963775373931624,0.09697899026756422
651,-136.0,137,1,6.107773610514786,1.8020585296797926,0.09012461236480923
652,-137.0,138,1,11.311334085763889,1.9438042156938193,0.09618309704735335
653,-158.0,159,1,13.651786215517687,2.3417364966194585,0.0828846728845804
654,-148.0,149,1,7.073987416066729,1.785182191221506,0.08139579624778297
655,-195.0,196,1,8.991597591325352,2.016229497534888,0.10457790021654527
656,-140.0,141,1,20.684669556283204,2.1411914013801736,0.07704566330017344
657,-163.0,164,1,8.317555059139721,1.8532819689773932,0.08935109719210986
658,-234.0,235,1,8.671754629053225,1.7148584974573013,0.0735973361314849
659,-158.0,159,1,13.251227645549788,2.1467334939248905,0.05147186681992849
660,-160.0,161,1,8.055763485271306,1.9496370368862745,0.05402945632441114
661,-238.0,239,1,8.757938513826058,1.9697089704010775,0.04683893691372345
662,-131.0,132,1,14.980571642865966,2.6014313264326616,0.05183401324999674
663,-206.0,207,1,12.52737216595116,2.5423744312231094,0.05433959718866742
664,-164.0,165,1,8.22125240321391,2.1754158135616417,0.05674265301786363
665,-160.0,161,1,9.823652973418813,2.1466534182151653,0.06847150480068832
666,-157.0,158,1,5.300011220391061,1.5801122218747683,0.05575527923912564
667,-155.0,156,1,4.232675243216829,1.3853338559468586,0.07011405871647487
668,-147.0,148,1,4.033524311131112,1.2522255278922416,0.08049778507297192
669,-200.0,201,1,2.6407466430201967,0.9267807054282421,0.13066407563327
670,-140.0,141,1,6.932322336066059,1.2344698398671252,0.08232062595693315
671,-146.0,147,1,3.095202071145953,1.2307449944165287,0.07142288741435092
672,-157.0,158,1,5.426260373345871,1.549964817264412,0.069117656460583
673,-145.0,146,1,4.18133157913211,1.2204723554114774,0.06399893711583389
674,-167.0,168,1,6.1600751291178835,1.5562733383405776,0.06588304498048576
675,-178.0,179,1,11.319391412451713,2.1251454619721994,0.04702034860676384
676,-169.0,170,1,6.33611358792028,1.7207667182473576,0.037614255625521766
677,-139.0,140,1,3.6915167080483764,1.375207621710641,0.05557098362416062
678,-145.0,146,1,6.251934988471625,1.707699527479198,0.05616170285095792
679,-116.0,117,1,25.22618404509993,1.872431143736228,0.06668838343441758
680,-153.0,154,1,5.046404845566207,1.6325197715263862,0.0642952370622147
681,-137.0,138,1,17.996009416968064,1.9822781327841938,0.05455909417419141
682,-167.0,168,1,8.55928562236451,1.9009504573685783,0.07558179982619809
683,-147.0,148,1,4.754190640493353,1.581679306320242,0.04998329568047051
684,-147.0,148,1,4.098226937035596,1.4363975782652159,0.06288177829520537
685,-143.0,144,1,4.428140906640086,1.4556812445322673,0.10070206939255716
686,-186.0,187,1,5.6899836990313215,1.5287585946965345,0.10167536692492125
687,-155.0,156,1,5.50008025039465,1.5281890080525324,0.0687584010106198
688,-140.0,141,1,9.809197017877175,1.5102791346556752,0.04849222019407238
689,-179.0,180,1,5.079447875470133,1.5387339777416653,0.03448509797162842
690,-196.0,197,1,5.861564485149382,1.5557267605350706,0.04639822723217507
691,-257.0,258,1,12.768305846796798,2.1226687911869018,0.046188494081829144
692,-129.0,130,1,10.309329350554616,1.3096961975097656,0.0522702714571586
693,-150.0,151,1,5.524365267902921,1.547638689445344,0.06175603803990421
694,-115.0,116,1,17.453616369248707,2.031997729992044,0.05759094802588465
695,-129.0,130,1,18.157955086061534,2.386067111675556,0.041654249914259145
696,-157.0,158,1,9.453701451072275,2.035636002504373,0.06277684171800502
697,-177.0,178,1,9.426452131128723,2.066730017072699,0.0781183858984804
698,-165.0,166,1,8.352993684931636,2.028893065739827,0.175208822480776
699,-148.0,149,1,8.179659909126896,2.0343172342185207,0.15083088430508834
700,-179.0,180,1,10.811743133969866,2.255475897259182,0.17044375858499228
701,-118.0,119,1,7.598721995837733,1.7506218357246464,0.23811723484497266
702,-130.0,131,1,7.402323726271941,1.7268938326653633,0.2151324329533408
703,-103.0,104,1,8.145603111363016,1.3681780374967134,0.31242263025873956
704,-111.0,112,1,5.13188356219702,1.7401399974312102,0.339381557935537
705,-85.0,86,1,8.957494648869913,1.6336853448734727,0.2950836127443878
706,-76.0,77,1,5.069822321890841,1.612411183196229,0.2339947298596244
707,-144.0,145,1,10.254241106853568,2.3900424792848782,0.24109272628757653
708,-92.0,93,1,4.996591604489994,1.649448093547616,0.23452296711176493
709,-63.0,64,1,21.174182145584382,2.34806364774704,0.25760329448439734
710,-73.0,74,1,7.578171979966322,1.7488590962178,0.14953515613121232
711,-196.0,197,1,6.639022497292124,1.773545303925645,0.12330474049475772
712,-92.0,93,1,9.88139893003049,1.9903887266753821,0.2143802583272073
713,-92.0,93,1,8.121172954269055,1.9749495803668935,0.1493807595156844
714,-72.0,73,1,7.183131404332689,1.6127375641914263,0.13551160489242486
715,-71.0,72,1,6.024540628881368,1.5765472650527954,0.13337991230016794
716,-80.0,81,1,11.164388853695135,2.0535285855516974,0.11139967641865053
717,-95.0,96,1,12.237355261343206,2.3287606736024222,0.15853342537047865
718,-106.0,107,1,11.30158782087916,2.2916391586588922,0.17892046130390699
719,-77.0,78,1,5.613024060862163,1.2837259830572667,0.11372815028283721
720,-71.0,72,1,3.931151258998499,1.3090575403637357,0.08406117798666754
721,-102.0,103,1,8.473096935274599,1.8548605280015076,0.1702281931648031
722,-70.0,71,1,4.591269628286016,1.3741152185789296,0.15712721604717778
723,-81.0,82,1,5.123945412343546,1.6328180650385415,0.13907592413945566
724,-85.0,86,1,4.811366643609247,1.5952192184536955,0.1354575034124008
725,-89.0,90,1,7.835510636873207,1.7802926858266195,0.15447286180472777
726,-64.0,65,1,15.75944158362153,1.8357747884897084,0.12123883062293037
727,-90.0,91,1,5.104168199680766,1.4597401199760018,0.131938526200279
728,-89.0,90,1,3.919680917248964,1.4477026727464464,0.11949132250576643
729,-119.0,120,1,7.819850122252441,2.070742885271708,0.15730889601060577
730,-72.0,73,1,10.99358906377803,1.4982962934938195,0.1976230497641827
731,-77.0,78,1,7.3370449209769735,1.5337048799563677,0.20020070782667085
732,-106.0,107,1,3.7581699352106788,1.4562175251613154,0.16210968197931572
733,-79.0,80,1,4.1974016924143145,1.5177730798721314,0.11959009434103791
734,-126.0,127,1,5.380846040992765,1.5981557275366596,0.0878258758448211
735,-97.0,98,1,2.8550733145372704,1.172689328388292,0.12449899200576937
736,-72.0,73,1,3.1006909103732005,1.1829965865775331,0.07241513901800778
737,-105.0,106,1,4.489240877062877,1.3042528140095044,0.15346234281756585
738,-78.0,79,1,3.7981898703885375,1.0734073421623134,0.10127230998772621
739,-64.0,65,1,8.268781418514509,1.5267351590670073,0.11300222419712765
740,-96.0,97,1,5.764731066629108,1.6087624854648237,0.1236116036142045
741,-89.0,90,1,5.93284740639954,1.7167531622780694,0.10668463932201525
742,-73.0,74,1,6.6658628507331645,1.409247888101114,0.17452471920822407
743,-97.0,98,1,6.1017790705071615,1.7012769519066324,0.19113141597840788
744,-78.0,79,1,4.907364705500865,1.5508410719376575,0.13985698843813985
745,-75.0,76,1,3.429655001998885,1.3869739143471969,0.21512598626883883
746,-83.0,84,1,3.2397822153178,1.358790465763637,0.1978694954656627
747,-98.0,99,1,5.453946596076525,1.6138722125930016,0.20445936803180945
748,-89.0,90,1,3.1166438951907267,1.3209110173914167,0.2058545548790587
749,-112.0,113,1,6.858148588201925,1.8646999143921168,0.18643550403607778
750,-84.0,85,1,4.800228069027584,1.4500523062313304,0.24023134255994055
751,-80.0,81,1,2.790036831603006,1.2560451236771948,0.23965744629508046
752,-85.0,86,1,4.729062340517398,1.5529785322588543,0.27698701269705345
753,-77.0,78,1,3.5781497323828844,1.353353616518852,0.25160081872047907
754,-94.0,95,1,6.6718342419395125,1.9487223324022795,0.20164756328020686
755,-74.0,75,1,4.81689027696227,1.4230602391560871,0.23782304684747943
756,-114.0,115,1,4.282304721179863,1.581756823995839,0.15016761341881332
757,-74.0,75,1,4.213194281871741,1.3954553349812826,0.25093371979077345
758,-91.0,92,1,6.003888155813437,1.7427740822667661,0.3413228641049658
759,-88.0,89,1,13.24124004892819,1.9047454662537306,0.40361019943545184
760,-142.0,143,1,11.349278347444304,2.4961212810936506,0.23134185209092065
761,-78.0,79,1,6.068049778077233,1.7117491417293307,0.36509875970622935
762,-102.0,103,1,7.711363241661371,1.9680147680264075,0.33454283292815584
763,-123.0,124,1,4.782024878769364,1.5727728509133863,0.25852501319135507
764,-139.0,140,1,5.0213655070718755,1.6128415584564209,0.20033354761544614
765,-160.0,161,1,9.85660105588107,1.9724384035382951,0.17556063272312042
766,-132.0,133,1,6.6949409094237415,1.5543029613064645,0.16467860457574934
767,-163.0,164,1,4.391364099171436,1.3290759586706393,0.18488947562298386
768,-176.0,177,1,5.2970860067026235,1.4463442247466178,0.14259952103316595
769,-150.0,151,1,4.622954648025472,1.4486390754876548,0.11707658749089163
770,-404.0,405,1,4.049503067961497,1.1200130096188299,0.11020981177463438
771,-380.0,381,1,5.899291169348728,1.1699082081712138,0.1806916903158689
772,-185.0,186,1,12.140406047229678,1.8329408091883506,0.24105079889970943
773,-135.0,136,1,10.144996013483357,2.316879658138051,0.22092572176916292
774,-163.0,164,1,7.6383770103168835,1.9662928552162358,0.30319915388294827
775,-190.0,191,1,7.227866170034425,1.6362507555497254,0.35281156362656074
776,-185.0,186,1,4.8944764956030795,1.3114844393986527,0.4129771864656935
777,-132.0,133,1,7.455534996370753,1.8562100130812567,0.3506151402239597
778,-177.0,178,1,12.227892953066647,2.224186720473043,0.2595819757212728
779,-207.0,208,1,4.463677311441293,1.3536135439689343,0.18745274059340142
780,-149.0,150,1,8.657666836782301,1.580146369934082,0.1320840709726326
781,-213.0,214,1,3.067174267141917,0.8848806140578795,0.2000169960551277
782,-144.0,145,1,10.55644400918792,1.9075668598043507,0.10126584692665472
783,-163.0,164,1,5.227001058606774,1.6923108856852462,0.12837761673840647
784,-214.0,215,1,11.044761007456826,2.4476337521575218,0.10154739204702119
785,-138.0,139,1,8.464530502769698,2.0101231636760906,0.10410289911020601
786,-199.0,200,1,10.341810952371743,2.2778687953948973,0.09644494557986036
787,-178.0,179,1,9.733855381015527,1.8810217873344208,0.12909204909036862
788,-149.0,150,1,5.1774219127208925,1.6887403949101767,0.15789283608629678
789,-126.0,127,1,6.418806356810676,1.7868387492622917,0.15511009319571734
790,-148.0,149,1,7.106239775455895,1.8938284880362901,0.12170505648613252
791,-144.0,145,1,10.25090853019481,1.9149640173747622,0.10212446868194845
792,-125.0,126,1,5.508134249742845,1.626838691650875,0.08811424464026156
793,-149.0,150,1,5.860495054931089,1.6488767639795938,0.09476541886416574
794,-151.0,152,1,6.865286479492696,1.5861565847145884,0.11980713501658388
795,-166.0,167,1,6.85339180309185,1.8396162087331989,0.10913856763568355
796,-127.0,128,1,9.867632490187589,1.5185717940330505,0.1257588664798277
797,-169.0,170,1,6.458888373513679,1.7056122499353745,0.13417462039163666
798,-146.0,147,1,6.493500634860786,1.6127663469638953,0.15804558235527885
799,-132.0,133,1,10.285173780174533,1.7108964274700422,0.13621799860900632
800,-142.0,143,1,7.394738125136339,1.8881191473740797,0.08746703039737536
801,-181.0,182,1,7.654280250921786,1.8610156551822201,0.07303428643377968
802,-157.0,158,1,5.617047270387485,1.6184240836131423,0.07095103089909859
803,-116.0,117,1,11.697644621359172,1.3700963533841646,0.06755211594828969
804,-208.0,209,1,8.991002333263307,1.9854956802568937,0.06521881039312297
805,-198.0,199,1,4.346401568437252,1.4641889112079562,0.08332266963213383
806,-139.0,140,1,6.5797445550694,1.7085871526173182,0.10254639071478908
807,-141.0,142,1,8.950486610270545,1.8732314210542491,0.15162257000666216
808,-103.0,104,1,7.843006741002542,1.480322709450355,0.3050837459517285
809,-126.0,127,1,19.008162561334842,2.1843844436285065,0.1660234416288683
810,-147.0,148,1,8.712827083987651,2.079862599437301,0.18533120973419548
811,-130.0,131,1,13.147156914744974,2.241426766373729,0.13267019102243238
812,-116.0,117,1,13.720104568840888,1.9250430408706012,0.16066943510917103
813,-103.0,104,1,16.112602219895614,2.2604173696958103,0.09872114659251216
814,-181.0,182,1,10.267204832480415,2.3026222606281657,0.09454674982071783
815,-155.0,156,1,8.041935157115894,1.7906789412865272,0.11305648724858959
816,-144.0,145,1,5.104883307133849,1.5191092326723297,0.10695729946781848
817,-152.0,153,1,4.1849956181150665,1.474982292823542,0.13401367615153587
818,-117.0,118,1,6.532075530085422,1.4845522056191653,0.09359244787591998
819,-166.0,167,1,6.686558306305028,1.6950629731852138,0.09934951372801544
820,-185.0,186,1,7.278085653728966,1.6599417575584945,0.0689021044946526
821,-116.0,117,1,3.6123909849487443,1.3078531770624666,0.08586135039376652
822,-141.0,142,1,6.548170961240392,1.549909920759604,0.09777746263327418
823,-115.0,116,1,7.704670322477388,1.6502595276668155,0.08759070925639365
824,-158.0,159,1,9.575578304100635,1.9595825447226471,0.07689310067901446
825,-151.0,152,1,7.322684153783102,1.9000659365403025,0.0935582299134694
826,-153.0,154,1,5.234202253371069,1.626728858266558,0.09348525721791455
827,-117.0,118,1,4.789652928181675,1.5725929454221563,0.07843580907723724
828,-124.0,125,1,7.504306399716064,1.9822610244750976,0.10166577479615807
829,-131.0,132,1,14.980235115997141,2.2515077446446274,0.07429345157773544
830,-156.0,157,1,7.741089338187672,1.9999745150280606,0.08437957391320805
831,-133.0,134,1,13.238674684856091,1.8007980745230148,0.08559450381713461
832,-146.0,147,1,4.0864165439721845,1.3510962084037106,0.06327330212023262
833,-145.0,146,1,4.105154817632068,1.3905500271548963,0.06254537785680939
834,-124.0,125,1,3.0892618785491215,1.1843823175430297,0.07276813511550427
835,-159.0,160,1,5.84016330804734,1.4978079535067081,0.09712037130375392
836,-296.0,297,1,11.189997551874589,2.2956019908892187,0.0732607072884035
837,-133.0,134,1,6.616604694575458,1.4680529779462672,0.15135896270799298
838,-147.0,148,1,8.95672713498297,1.9726473866282284,0.14472737214905587
839,-139.0,140,1,6.866438843612559,1.817752068383353,0.2293348975018099
840,-119.0,120,1,25.0414922183462,2.746126580238342,0.3473853994170592
841,-124.0,125,1,22.93047205809923,2.639015151977539,0.35081650044326673
842,-117.0,118,1,7.444204584122325,1.9950445264072743,0.396597941424816
843,-125.0,126,1,12.386595355137066,2.4835577767992776,0.2518078222527124
844,-106.0,107,1,9.023678990745717,2.267492508219781,0.2626367183644259
845,-92.0,93,1,7.506335471937638,1.9352656128585979,0.29653270025230616
846,-161.0,162,1,5.485045017796752,1.6205456109694492,0.1690637805279241
847,-86.0,87,1,6.744065166606258,1.7943897137696716,0.29582407870316535
848,-103.0,104,1,20.379240904684522,2.812356527035053,0.33162654377911865
849,-73.0,74,1,6.81616659933934,1.867327947874327,0.28514223520225546
850,-123.0,124,1,13.85982117859455,2.257892624024422,0.3268467989666181
851,-101.0,102,1,8.814144464490441,2.0251448668685614,0.2604687149158802
852,-72.0,73,1,8.38601044650279,2.00634192114007,0.18081206366362382
853,-89.0,90,1,5.161644937934276,1.7104070001178318,0.1442133245617798
854,-76.0,77,1,4.722385194718039,1.3732248776918883,0.11848659350879961
855,-83.0,84,1,7.674708640710811,1.8873337131171,0.11482211275696977
856,-160.0,161,1,10.927412259520063,2.2850635214621975,0.09237824023360681
857,-78.0,79,1,7.456291271291107,1.9820837733111805,0.10056853664249088
858,-73.0,74,1,6.427753435071085,1.6785499856278703,0.10500183586083113
859,-74.0,75,1,5.85856627430534,1.7397680886586506,0.10020200974346759
860,-77.0,78,1,5.8396112944138645,1.7493519164048708,0.08851235920603638
861,-143.0,144,1,11.648725686815649,2.4208086133003235,0.08384961950671116
862,-104.0,105,1,12.168637476463447,2.5344233967009044,0.08218926227695886
863,-71.0,72,1,6.809125922605745,1.8483050134446886,0.09698645920919564
864,-86.0,87,1,5.406330293770036,1.6980309212344817,0.10141358039865067
865,-185.0,186,1,9.270196898504892,1.9029465029316563,0.06137183901020801
866,-76.0,77,1,7.001434672623873,1.9053563204678623,0.09256078954030118
867,-73.0,74,1,5.552976484159543,1.4665063522957467,0.08904029607967115
868,-77.0,78,1,5.5859860279179445,1.6162054844391651,0.10662931396841603
869,-252.0,253,1,9.573317787711973,1.7690546616264011,0.04038799236987105
870,-79.0,80,1,5.932202474660153,1.5181424081325532,0.0841740505895359
871,-87.0,88,1,13.040059465996489,2.2425557754256507,0.12151245757311037
872,-78.0,79,1,5.066776052224921,1.6623893810223929,0.09915277747550826
873,-78.0,79,1,5.325680282204176,1.6240476234049737,0.0917043689954466
874,-82.0,83,1,9.969478784569437,2.0656704960099184,0.0957591767427764
875,-73.0,74,1,5.734495379615927,1.4895528329385292,0.09071043808236592
876,-89.0,90,1,10.4373317541768,2.033885791566637,0.09330462644607501
877,-78.0,79,1,4.4090170951030005,1.4599363109733485,0.08066179398948303
878,-227.0,228,1,6.912506928064303,1.5519369568741113,0.04421469456984165
879,-92.0,93,1,14.357054729412074,2.2942317275590796,0.06195211356915083
880,-92.0,93,1,7.939229554638782,1.767752965291341,0.07499083957537228
881,-73.0,74,1,3.4078573325925783,1.3767632664860905,0.06566451244312653
882,-90.0,91,1,7.096401076149809,1.8479655234368293,0.0771264247311622
883,-144.0,145,1,10.228155039143669,2.209338569641113,0.06596055360779905
884,-98.0,99,1,8.438291573593766,1.9341584600583472,0.10195006964807023
885,-91.0,92,1,6.686026817699514,1.8597330217776091,0.07531335285254856
886,-75.0,76,1,8.126765364085594,1.563323033483405,0.11279046198615106
887,-65.0,66,1,14.199959449556694,1.4784512375340317,0.08041025855698425
888,-78.0,79,1,3.3877048401377174,1.3557339604896834,0.09618313830637644
889,-143.0,144,1,10.9093989380868,2.1984914739926658,0.05719115780043972
890,-99.0,100,1,5.050218899419997,1.3774885320663453,0.062119897189550105
891,-104.0,105,1,6.127524757191505,1.48851200285412,0.10587753790231155
892,-72.0,73,1,4.330387911862177,1.3519180245595435,0.07112263478115456
893,-220.0,221,1,2.908299635937732,0.9903947390042819,0.06808144038588407
894,-99.0,100,1,7.451417156051612,1.86527419090271,0.07348902487457963
895,-81.0,82,1,8.269256242719145,1.8055920484589367,0.11112301430853777
896,-256.0,257,1,3.8092618407939782,1.1040575365148166,0.07773151232725994
897,-500.0,500,0,3.8569081258067164,0.5906985397338868,0.019846168295538518
898,-234.0,235,1,3.970228488957807,1.0182435548051876,0.04276180832654218
899,-302.0,303,1,2.892222112243376,0.8016240148261042,0.039879812770342554
900,-500.0,500,0,12.1122547140643,0.3980576019287109,0.01151716787647456
901,-65.0,66,1,13.650256738168977,2.7410035277857925,0.11880792373223371
902,-155.0,156,1,10.818013240212354,2.110256317334297,0.17930182486452395
903,-77.0,78,1,6.986828902401985,2.0025966992745032,0.16474905504042114
904,-130.0,131,1,6.909135006201091,1.5637803842093199,0.14100354043358068
905,-110.0,111,1,12.586735642156437,2.63923243574194,0.17555841686715884
906,-185.0,186,1,8.378641935410098,1.6180891452297088,0.0989857514265872
907,-81.0,82,1,19.370529088759568,3.1238908186191465,0.0887249891270696
908,-104.0,105,1,6.949970928067342,1.851893443153018,0.13629502723010123
909,-94.0,95,1,10.979164305839099,2.3535028056094522,0.1404463526725426
910,-82.0,83,1,9.70649681460247,2.403486313590084,0.17172163813613378
911,-104.0,105,1,13.819719334192008,2.8794701031276158,0.24254373214761948
912,-132.0,133,1,7.83553771673145,2.104518399202734,0.31638483523611766
913,-136.0,137,1,12.235945050048057,2.470967912325894,0.35312868281391646
914,-142.0,143,1,10.764355617432066,2.337984865361994,0.1737341023281451
915,-130.0,131,1,8.255747188412418,2.124409078641702,0.17843867091858362
916,-142.0,143,1,9.705594074362958,1.9066104755534992,0.13043045805249415
917,-140.0,141,1,5.463324539265133,1.7020484978425587,0.08752893482901301
918,-196.0,197,1,7.3091082278916675,1.9970257657433523,0.11348112333456035
919,-177.0,178,1,9.310573801818238,2.091279070029098,0.10810367872688678
920,-150.0,151,1,11.831295873425494,2.105803439159267,0.07218349495068477
921,-117.0,118,1,7.053551700245515,1.581428931931318,0.08981444636681434
922,-217.0,218,1,8.517451007904821,1.9453714090749759,0.04120571827013986
923,-209.0,210,1,10.903076976205643,2.3199938070206416,0.06946130559801877
924,-179.0,180,1,5.748187706689997,1.6983729309505886,0.08722757925861516
925,-116.0,117,1,4.484370795021363,1.364613206977518,0.06959200782788934
926,-181.0,182,1,14.036385728867282,1.984522316482041,0.07790054913525787
927,-159.0,160,1,9.267769910399874,2.0881108403205872,0.07772575885319384
928,-152.0,153,1,17.64003305012812,2.687457365148208,0.05085059301318978
929,-169.0,170,1,9.288891735256938,1.7995330922743853,0.0583246322499369
930,-179.0,180,1,5.074534158509535,1.5959918737411498,0.045554280663297204
931,-180.0,181,1,4.139097394142557,1.475531961377813,0.059507838270925394
932,-197.0,198,1,9.001544671397815,1.9587300425828105,0.05419429845583503
933,-167.0,168,1,5.376642112667295,1.5688312507811046,0.0538223787166533
934,-146.0,147,1,4.50563432855435,1.4764763319573435,0.06164383442302672
935,-150.0,151,1,4.707306289431695,1.6373588896745088,0.05560012094426703
936,-155.0,156,1,7.344363587523101,1.6884501163776104,0.0507697004180115
937,-241.0,242,1,10.01006879804806,2.235703428914724,0.06451636789056804
938,-142.0,143,1,7.995980593558626,1.3405155101856152,0.06276077258325723
939,-159.0,160,1,5.191466147048414,1.5107891261577606,0.0824385066065588
940,-149.0,150,1,3.4729969383066055,1.268897279103597,0.059153566324772935
941,-153.0,154,1,4.103127791670638,1.4157040366878757,0.09455575637954783
942,-144.0,145,1,5.245480083777361,1.2851542637265962,0.09940992855499017
943,-153.0,154,1,8.576097938553023,1.8706821714128767,0.11104977968702238
944,-182.0,183,1,10.88287464211233,2.211582053554514,0.08587302612789648
945,-161.0,162,1,13.674754137836574,2.0254764910097474,0.10714224091282597
946,-154.0,155,1,6.259763182375219,1.8175794970604682,0.15576766826542876
947,-141.0,142,1,5.468580692292447,1.7223941230438125,0.18198901939723955
948,-146.0,147,1,5.8937706592948915,1.6178129416744724,0.19234139228961905
949,-177.0,178,1,6.056544983541816,1.6839921929863062,0.21344948956596382
950,-159.0,160,1,10.605338811731418,1.6342937231063843,0.2802109390730038
951,-168.0,169,1,9.557754103252172,1.927507761667466,0.30111650347753743
952,-500.0,500,0,8.121099322223687,1.5100830230712892,0.3622380268117413
953,-278.0,279,1,13.729427930151653,2.636544576255224,0.20653864442901584
954,-153.0,154,1,10.861855604991245,2.3065581940985345,0.2581922530027276
955,-231.0,232,1,7.508178322616381,1.8818540927664986,0.29717120120767504
956,-272.0,273,1,18.163021359822523,2.8354868530790447,0.25512118268955924
957,-182.0,183,1,9.085558247120792,1.9964017920155344,0.22696635492980644
958,-188.0,189,1,6.748215797465669,1.8313735780261813,0.20545660789129594
959,-144.0,145,1,6.666550130347805,1.6315604637409078,0.19850338017889138
960,-187.0,188,1,10.702851396776362,2.2513669367800366,0.2302974988607333
961,-187.0,188,1,8.6567558737359,2.121040755129875,0.32495097511576765
962,-224.0,225,1,8.745190970745881,1.880925424363878,0.22390939643606544
963,-177.0,178,1,12.419197528313122,2.295956772364927,0.17243472562600556
964,-185.0,186,1,13.64656262473023,2.281699016530027,0.1599701232106615
965,-178.0,179,1,12.335646628873363,2.156256462608636,0.14240810589464226
966,-175.0,176,1,11.907983932301166,2.3846042372963647,0.13880333966252775
967,-180.0,181,1,10.98715387077009,2.1841173728526626,0.13108622927337021
968,-140.0,141,1,8.51888170492619,2.022781605416156,0.16149628502217697
969,-290.0,291,1,11.904839335059263,2.5058122254728863,0.4025585188064724
970,-197.0,198,1,10.438708899528873,1.9269977338386304,0.38862708421668624
971,-240.0,241,1,11.152503330549138,2.164647818600983,0.2982749186960509
972,-219.0,220,1,9.613928923837904,1.862291197343306,0.22546901676105335
973,-197.0,198,1,9.518320955149418,1.7712003606738467,0.2196421866244025
974,-160.0,161,1,7.453222471325491,1.7109717967347329,0.22586562433453589
975,-182.0,183,1,8.291303666877955,1.7624072559544297,0.26167242733960144
976,-190.0,191,1,7.742985266623153,1.3636963929181323,0.29636823181891864
977,-156.0,157,1,10.357011513200968,2.1142768130940235,0.36975222507752714
978,-377.0,378,1,3.128800134855155,0.876907591781919,0.17819863967548208
979,-169.0,170,1,6.718879903327016,1.572220049535527,0.3304876933422159
980,-110.0,111,1,11.412578472901169,1.6451106544013496,0.39811838262185856
981,-149.0,150,1,6.363030182495713,1.5785496552785239,0.3014412546530366
982,-208.0,209,1,10.530252253630312,2.011102119701331,0.26073731724440197
983,-98.0,99,1,11.748843445978833,2.2106301953094176,0.30902178085061033
984,-108.0,109,1,7.8424442691019305,1.9251992286892112,0.2834939827988727
985,-139.0,140,1,11.689544669482192,2.300774642399379,0.28381180718008964
986,-116.0,117,1,8.167955167474659,1.6113592946631277,0.27416279329321325
987,-103.0,104,1,11.55096474462614,1.6791006234975963,0.2825201641087635
988,-103.0,104,1,7.616319990837767,1.6997388509603648,0.32418597672277916
989,-116.0,117,1,6.773852040597166,1.7113426378649523,0.26925829366549975
990,-110.0,111,1,8.348376837315726,1.7555342923413526,0.2861665653752851
991,-107.0,108,1,5.53649459812678,1.5987900363074408,0.3142106350062898
992,-146.0,147,1,7.411494535340953,1.788688766713045,0.30066431370139324
993,-122.0,123,1,3.9694946579284003,1.3928667539503516,0.2730399681997251
994,-96.0,97,1,3.812779465734061,1.4417813825853092,0.2663046907844771
995,-130.0,131,1,6.145622633496776,1.5893477265161413,0.23212449455932352
996,-86.0,87,1,10.879525518797891,1.8530696342731345,0.26838018743042974
997,-87.0,88,1,13.09173229304526,1.6975400664589622,0.2826559909577058
998,-96.0,97,1,8.233422717715603,1.8786484531520569,0.2443968062433078
999,-100.0,101,1,6.029621414103692,1.5286832847217522,0.2002404618565694
