episode,reward,length,success,critic_loss,actor_loss,td_error,entropy
1,-500.0,500,0,2.3390024088042844,-10.031043628165499,1.1062799082994461,0.8957052681446075
2,-500.0,500,0,3.746927830139175,-19.816502326488497,1.0569807510375977,0.8052185136079788
3,-500.0,500,0,3.708256580050802,-28.787427734375,0.9211310348510742,0.8940899406671524
4,-500.0,500,0,3.8803323021979597,-36.37161749267578,0.698324363708496,0.9633393156528473
5,-496.0,497,1,5.125206145225561,-43.964524136702536,0.7363362379477058,1.0132598553145196
6,-182.0,183,1,16.22045905315053,-45.48687510933381,1.2386888910512455,0.8918035587326425
7,-145.0,146,1,17.872762710054577,-36.707643283556585,1.1201295460740182,0.7307381440107137
8,-167.0,168,1,14.678891425056246,-35.104189791849684,1.0504516192844935,0.7522467953108606
9,-191.0,192,1,13.998309745735318,-38.16586111113429,0.8764769633611044,0.7001763808851441
10,-230.0,231,1,11.712777592845322,-30.5957860755714,0.7892745212043003,0.5762356775147575
11,-500.0,500,0,5.903677369450481,-37.96652817606926,0.6087485885620117,0.7003624388054013
12,-500.0,500,0,6.845927036434529,-21.019660199403763,0.6571881332397461,0.32640609810501336
13,-500.0,500,0,7.955162278354168,-6.726110360860824,0.7221365661621094,0.16146181600913406
14,-500.0,500,0,8.062735370129348,-17.811060307025908,0.6760546264648437,0.27226039982587097
15,-500.0,500,0,8.513393938930705,-5.577374306321144,0.5540570907592773,0.08994076491892337
16,-500.0,500,0,9.219327785149217,-9.838143363118173,0.6523519058227539,0.16068394169211386
17,-500.0,500,0,9.197316150748287,-20.701938328519464,0.5368857192993164,0.2489431376811117
18,-500.0,500,0,9.661171486586332,-0.9531133692711592,0.4535396575927734,0.013411614947021007
19,-500.0,500,0,10.185305350288749,-1.0175198994129897,0.4504131622314453,0.013784976672381162
20,-500.0,500,0,10.695095501244069,-2.082909770555794,0.44733055114746095,0.011812751709483564
21,-500.0,500,0,11.06377816091478,-0.9321309019587934,0.42336781311035154,0.007411535794381053
22,-500.0,500,0,11.352508403114975,-0.05487961356341839,0.4013622131347656,0.006388710467144847
23,-500.0,500,0,11.669214656323195,-0.1226353681385517,0.39202859497070314,0.012606022999621928
24,-500.0,500,0,12.272146717704832,-2.619213390015066,0.4266265563964844,0.01401352195162326
25,-500.0,500,0,12.247840153008699,-0.07515298010408879,0.3982889404296875,0.0079448616001755
26,-500.0,500,0,12.652399882629513,-2.283801209136844,0.4531256866455078,0.03622126989066601
27,-500.0,500,0,12.511173249438405,-2.7914467746689917,0.4066412811279297,0.017584445384331047
28,-500.0,500,0,12.541380938373505,-1.1375489605925977,0.3701506195068359,0.0050658428161405025
29,-500.0,500,0,12.719326464518904,-0.0408377403318882,0.362154296875,0.004710428708232939
30,-500.0,500,0,13.069673330202699,-1.1065305469222366,0.3800328216552734,0.0068209275528788565
31,-500.0,500,0,13.02184305536002,-0.04885206738114357,0.35392098999023436,0.0053648348608985545
32,-500.0,500,0,13.183806933403016,-1.0541196051426232,0.36371162414550784,0.007524192604236305
33,-500.0,500,0,13.256645065926016,-0.04769226951152086,0.34759466552734375,0.005265324931591749
34,-500.0,500,0,13.379825436815619,-1.1002927896156907,0.35513423156738283,0.01040634571854025
35,-500.0,500,0,13.997714390397071,-2.3455016124397514,0.4106554260253906,0.046149762311950324
36,-500.0,500,0,13.666827420007438,-11.36953072065115,0.46710542297363283,0.12558552338927984
37,-500.0,500,0,13.392292978071142,-5.994935191392899,0.34958717346191404,0.07663364183157682
38,-500.0,500,0,13.477573109015822,-4.427638068377972,0.34842997741699216,0.05398932164907456
39,-500.0,500,0,13.538031161082676,-10.199541074872016,0.3525845947265625,0.16262565280497074
40,-500.0,500,0,13.603787523225066,-44.21007543373108,0.3530266265869141,0.5077307175993919
41,-500.0,500,0,13.980512815480935,-41.65090246963501,0.4902419738769531,0.5203419950306416
42,-500.0,500,0,13.807648586001248,-59.26593857192993,0.4586784820556641,0.7020557024478913
43,-500.0,500,0,13.9506780019328,-43.28519849872589,0.4968980560302734,0.5408525867462158
44,-284.0,285,1,24.95233864403522,-46.56799861422756,0.5768300909745065,0.5387576825786056
45,-433.0,434,1,15.716999040295457,-27.746203629102574,0.45252686601630004,0.3115005061923084
46,-423.0,424,1,18.011704657343902,-24.027435932800454,0.599186195517486,0.20933280171791338
47,-387.0,388,1,17.41979462803373,-14.472324562441443,0.44728493444698375,0.15546444404063767
48,-500.0,500,0,14.074172821525485,-9.229464303493499,0.38085020446777346,0.15075486288964748
49,-165.0,166,1,41.0110521897034,-32.28198040932058,1.3522729069353587,0.4468708233907819
50,-134.0,135,1,52.769352744266186,-43.062038723958864,1.3838645652488426,0.5321411204696805
51,-160.0,161,1,44.06770082308386,-41.717912873866396,1.3173968866004706,0.5178608949880422
52,-385.0,386,1,15.099121849539381,-41.47625800457643,0.5232411320345389,0.5059768855185707
53,-303.0,304,1,24.654325628091197,-31.13266563258673,0.8803700271405672,0.41425924625639854
54,-500.0,500,0,13.91787848092243,-18.49446385669708,0.4927310791015625,0.18720749419927596
55,-500.0,500,0,13.654858029123396,-5.97813180565834,0.3618965606689453,0.0700177272260189
56,-434.0,435,1,15.65719679374162,-16.42498400704614,0.5459275870487608,0.15702194812140247
57,-500.0,500,0,14.054198381688446,-6.209422238171101,0.3549336853027344,0.05015955605357885
58,-500.0,500,0,14.04098711218685,-2.070885618150234,0.3415756988525391,0.0362560052126646
59,-500.0,500,0,14.059267092149705,-3.884580680757761,0.33766842651367185,0.03420248567312956
60,-500.0,500,0,14.118657519176603,-3.4677940043509006,0.33736305236816405,0.013305128498002887
61,-500.0,500,0,14.103811418034136,-1.20143958568573,0.3273399200439453,0.007920593157410621
62,-500.0,500,0,14.13427682492882,-0.07415541612356902,0.33250274658203127,0.007304393927566707
63,-500.0,500,0,14.12722320765257,-1.1717036656662823,0.32851190185546875,0.010361534039489926
64,-500.0,500,0,14.145067120611667,-1.2418714111372828,0.32575360107421875,0.007280693512875587
65,-500.0,500,0,14.17308717713505,-0.040990457236766815,0.332295166015625,0.004387986517045647
66,-500.0,500,0,14.155104176644237,-1.0756088765487075,0.3256453094482422,0.009064883005805314
67,-500.0,500,0,14.206516603730618,-1.4248485928662122,0.3316413269042969,0.0030522638005204498
68,-500.0,500,0,14.188692054558546,-0.024157322235405444,0.32315533447265626,0.002697334371507168
69,-500.0,500,0,14.204085617553442,-0.03690261974185705,0.32275947570800784,0.003913371140137315
70,-500.0,500,0,14.217764453765005,-1.1008000828251243,0.3233965454101563,0.008121985102072357
71,-500.0,500,0,14.229592867337168,-0.05675262477993965,0.32210394287109373,0.005712255503050983
72,-500.0,500,0,14.248863148577511,-1.1077205350399018,0.32433001708984377,0.010313376375474036
73,-500.0,500,0,18.67497679235786,-3.2331460061967374,0.5566261405944825,0.050984573877416554
74,-88.0,89,1,78.70958566606592,-16.922154009760767,1.2085114382625965,0.16697893181836673
75,-132.0,133,1,49.31186884135372,-23.238556220343238,1.0848389245513688,0.2504629532323408
76,-111.0,112,1,64.00383423777541,-24.243118940054305,1.2915633746555872,0.18479068324502027
77,-132.0,133,1,42.92585850952463,-11.179799587318772,1.02355870985447,0.14938867722350851
78,-155.0,156,1,33.115980065779205,-11.653587116071812,1.428827872643104,0.14919267568546227
79,-112.0,113,1,61.44715884075999,-17.063655372478266,1.3749923706054688,0.1877312398457949
80,-127.0,128,1,24.514327405233416,-12.757643696037121,1.1907092928886414,0.15929388348013163
81,-120.0,121,1,36.305407215248934,-16.114866496610247,2.5944120548973397,0.14025510633595226
82,-145.0,146,1,76.31630525312526,-10.155320610187642,3.262485491086359,0.14699725125444263
83,-248.0,249,1,23.851768603149136,-19.6731263560703,2.5764518454371688,0.28641717528632604
84,-199.0,200,1,27.89904154093383,-32.765931962039325,1.310801010131836,0.33214208254823463
85,-186.0,187,1,33.99028382946415,-16.686529342304258,1.0344613223152364,0.24931933081654065
86,-203.0,204,1,18.399740859108586,-24.303452196037945,1.173798635894177,0.23883880358006732
87,-175.0,176,1,48.13802488539593,-13.581952978010206,2.4159982312809336,0.15987890311093492
88,-133.0,134,1,47.75553520278894,-7.547096684797486,1.755082315473414,0.15316904402240666
89,-127.0,128,1,47.80324285590177,-14.966048032045364,1.9329054653644562,0.1616315217470401
90,-174.0,175,1,22.58286386605086,-20.14154450708202,1.7813906642368862,0.25303897370717354
91,-207.0,208,1,51.197750888343975,-14.533216028214575,2.4195533899160533,0.2355535988060113
92,-425.0,426,1,23.89870350408513,-33.305933334615446,1.6001342988350022,0.4465057720067286
93,-288.0,289,1,24.490496132881333,-21.496744033787078,1.7691158439873824,0.2222924729854281
94,-158.0,159,1,36.90006227844904,-10.614181367200125,1.632658136715679,0.17562020053419303
95,-174.0,175,1,37.80839501032905,-13.527865510242325,1.8698756190708705,0.1902315386065415
96,-158.0,159,1,27.578174608370432,-13.771544309157246,1.4936597572182708,0.186067859226334
97,-268.0,269,1,18.370511798955178,-21.66186412382303,1.1238291573790369,0.22478717094681963
98,-490.0,491,1,8.999924898173782,-7.375361400047534,0.7330280078647093,0.11086629522687427
99,-105.0,106,1,59.477599678528144,-11.755873956770268,2.093805097184091,0.19662168443659847
100,-171.0,172,1,57.17386422137937,-12.848110407071058,2.7603242120077445,0.2016803991309432
101,-81.0,82,1,45.69382158109475,-10.909237370440145,2.2378079484148725,0.18244626906859437
102,-104.0,105,1,46.21539610856922,-8.845841545718057,1.9859212966192337,0.20996116351868424
103,-92.0,93,1,63.92339635922283,-16.467692725120052,2.4451797649424565,0.21593344888539726
104,-103.0,104,1,48.242334531454475,-16.56937790576082,1.667448483980619,0.2666365996074791
105,-125.0,126,1,31.651859784009588,-16.037978247990683,2.2094180697486516,0.27250314892698374
106,-94.0,95,1,30.82623261737049,-16.27522564859767,2.243831393593236,0.23502503106076467
107,-94.0,95,1,23.3382243408748,-19.690262677167592,2.1719702469675166,0.24023734412499165
108,-107.0,108,1,29.11324669050885,-13.490075886870423,3.0902355865195945,0.22986527898831777
109,-119.0,120,1,42.33521573765708,-15.496409603953362,3.7958731770515444,0.18863228866830467
110,-118.0,119,1,26.7559066799121,-21.953603855702056,2.5257908316219555,0.2246925234481567
111,-123.0,124,1,45.027808208104915,-11.684463741197701,3.1138399185672885,0.18844022980380443
112,-112.0,113,1,40.181854690977296,-10.903064170506148,2.6601622589921528,0.16436515947952207
113,-134.0,135,1,36.19886876044933,-8.784999219576518,2.4150614985713252,0.1770114241098916
114,-88.0,89,1,54.08140743628479,-12.823518732458018,2.1915698962265187,0.20554022698171354
115,-132.0,133,1,31.310372989064106,-17.16520448510808,2.2769233588885545,0.21081026828378663
116,-122.0,123,1,43.88039139050676,-7.60502746265109,2.1137032857755336,0.16903442786476477
117,-183.0,184,1,31.595869981578765,-13.818047445105469,2.8490270117054814,0.14328602565776394
118,-124.0,125,1,33.71214049284207,-11.705305444955826,1.9929959106445312,0.1932116539478302
119,-132.0,133,1,34.24195977137424,-12.878673954005528,2.6333456828181907,0.2034961082097283
120,-112.0,113,1,36.278192494643555,-9.890780875376896,1.846460899420544,0.22555146564160827
121,-119.0,120,1,40.27009836094609,-12.826289187495908,2.486089897155762,0.210193890814359
122,-108.0,109,1,21.914896551776494,-9.620997776678943,1.4453789247285336,0.2415352370077317
123,-86.0,87,1,43.89132127916205,-13.7899535409678,1.9762128632644127,0.25095065023707247
124,-110.0,111,1,24.630408143796664,-15.725715186413344,2.3708744736405105,0.21636403281543706
125,-123.0,124,1,26.821975664989534,-10.392211317775711,2.204292481945407,0.1936468696522136
126,-121.0,122,1,25.542191514117953,-10.521349762795401,1.973507146366307,0.20151227230175597
127,-167.0,168,1,23.325630200635974,-14.688280512357043,2.6334310372670493,0.1998286569890167
128,-130.0,131,1,11.699548099902707,-11.024026007597683,1.7480349504310666,0.22459884377495024
129,-120.0,121,1,18.474057955538452,-16.640945188639577,2.019760289468056,0.19487085455089562
130,-148.0,149,1,10.299342009272104,-10.063188959988171,1.7663477507213619,0.19770879365953822
131,-130.0,131,1,26.345233934293393,-12.834617293518008,1.8228642121526122,0.25263511523149396
132,-125.0,126,1,27.12180513240968,-18.034145580397713,1.5950728825160436,0.279237188546667
133,-163.0,164,1,19.23424684744195,-15.467808991398027,2.160367512121433,0.21734156336907934
134,-143.0,144,1,28.394428598460966,-15.759126539238625,1.9164028962453206,0.1902181243058294
135,-232.0,233,1,13.425057378173179,-3.402109581641373,1.520597777141522,0.12793962820533009
136,-164.0,165,1,20.255077633851872,-11.969980986371185,1.8829718618681937,0.1779238113625483
137,-123.0,124,1,25.16434190262789,-16.40982577348909,1.255140181510679,0.24894126048011164
138,-134.0,135,1,13.806172306187607,-7.269835436344147,1.4565419232403791,0.2112594553441913
139,-147.0,148,1,14.613852713570925,-14.634872421420908,1.812127010242359,0.21644324819381172
140,-119.0,120,1,27.48590894496689,-11.556951328366996,3.1763020515441895,0.194915776544561
141,-149.0,150,1,28.58957457438926,-12.546351212263108,2.4160479482014976,0.22715624059240022
142,-139.0,140,1,17.08339170801129,-10.089647712664945,2.120677103315081,0.22089702023991517
143,-137.0,138,1,22.31058804003144,-13.462871083098909,2.573705852895543,0.20517069452266762
144,-123.0,124,1,19.20537493210624,-13.78031472549323,2.074890567410377,0.18660883662561256
145,-126.0,127,1,19.31102004251626,-11.866954491129071,2.0465923669770008,0.20848569312081563
146,-202.0,203,1,20.230090001976492,-6.243669286663897,2.096523646650643,0.15954307219004396
147,-107.0,108,1,30.780701790168813,-10.608067790667215,1.7267171365243417,0.20438857866382157
148,-133.0,134,1,31.208300320184097,-10.139467958082903,3.200936687526418,0.2386409850763296
149,-304.0,305,1,5.137740245790671,-11.622909665107727,1.134063301711786,0.21701707024066175
150,-321.0,322,1,10.104995915770346,-7.352824164103277,0.9779829060809212,0.18897288242898744
151,-142.0,143,1,23.160143849733398,-24.355319495801325,2.6649984479784132,0.3939983392512048
152,-150.0,151,1,15.46018145965383,-18.84268400309891,2.503983781827207,0.3194074778762085
153,-182.0,183,1,11.821450669838807,-14.401984976940467,1.7070846140710383,0.2865214152007155
154,-224.0,225,1,19.322358596903634,-30.20859109269248,1.7862180752224392,0.4302887238396539
155,-188.0,189,1,13.529102354100413,-20.090300066761237,1.79504642789326,0.3489839492966889
156,-228.0,229,1,8.101625521864865,-13.521720827927236,1.938822429773589,0.30841956765891165
157,-153.0,154,1,8.592177457760116,-21.315597392908938,1.7451310962825626,0.32779329623301307
158,-134.0,135,1,23.452043255144318,-25.16250054615515,1.9763445253725405,0.31102599733405645
159,-153.0,154,1,24.289759270872544,-16.20182779779682,1.8168798174176897,0.35600291231235903
160,-199.0,200,1,8.282467287551263,-23.394840806126595,1.616383399963379,0.40378101885318757
161,-153.0,154,1,24.975155915817027,-23.97757240588015,2.077739282087846,0.3378320781925282
162,-359.0,360,1,10.509681629302333,-21.97965853114923,1.3989270846048991,0.39774102220932644
163,-294.0,295,1,14.844816956918399,-22.82006999638121,1.8917138180490267,0.3522301331541296
164,-193.0,194,1,14.117200863542223,-21.320083223667343,1.9535900981155867,0.26686612155634104
165,-162.0,163,1,17.848890119097252,-16.265738069279795,2.0942909849201974,0.2083996817515306
166,-132.0,133,1,21.778680815880058,-14.21377779980351,2.001932732144693,0.19619066088943554
167,-122.0,123,1,22.531110462835777,-8.441286758921011,2.0529245826287,0.18503829697525598
168,-131.0,132,1,12.582131062268287,-18.01964548659144,1.6055693192915483,0.21850272009826519
169,-159.0,160,1,19.835562687424773,-12.553335851803421,1.9560825109481812,0.20945602286374196
170,-126.0,127,1,10.998594833536103,-14.13615766308439,2.044697333508589,0.20169893408736844
171,-129.0,130,1,23.800668239073218,-13.88301110107165,2.0226916826688326,0.20530475807877688
172,-147.0,148,1,8.912741721127924,-18.566341406086813,1.5655791437303699,0.24441237508545857
173,-116.0,117,1,22.296723857383206,-9.712531756641518,2.102425730126536,0.23312924009485123
174,-126.0,127,1,14.157802960692399,-18.926010053340843,1.8872752752829725,0.24833524062877566
175,-133.0,134,1,15.01976750694509,-10.562002358374311,1.9704673397007273,0.2363895831713036
176,-106.0,107,1,20.289870872186217,-18.433242535758243,2.2900830206469953,0.29164234162351793
177,-86.0,87,1,24.306049724034537,-13.936454378325363,2.372405567388425,0.24880218916925892
178,-87.0,88,1,46.653904730208026,-22.93276562744921,2.940577420321378,0.21833031489090485
179,-129.0,130,1,18.027612331498844,-11.962069907096716,2.3346854283259466,0.2106942679016636
180,-137.0,138,1,10.498643616501216,-14.72233011400786,2.137690682342087,0.24021113261688445
181,-115.0,116,1,30.17291921923431,-14.966735544389692,2.5102340435159616,0.2046701322984079
182,-81.0,82,1,41.5195406135626,-10.84880544245243,2.5710907215025367,0.22624283951775329
183,-88.0,89,1,19.76556792726552,-6.762665679615535,2.236903115604701,0.19984866783357738
184,-114.0,115,1,24.527802852045685,-24.909783714880113,1.9309788579526155,0.24343055159501406
185,-126.0,127,1,19.212775876430253,-12.84561302119822,2.570925539872778,0.17272070688232194
186,-110.0,111,1,12.589972299866606,-9.60125058486655,1.844629734486073,0.20376800081214388
187,-125.0,126,1,18.265682895198033,-7.059141435261283,2.63678164709182,0.15510907176408975
188,-152.0,153,1,15.076217800406571,-4.966277413532819,2.629307651052288,0.19769870898887223
189,-108.0,109,1,16.426714785427492,-9.746303700662533,2.1527295068863337,0.18881098222021664
190,-96.0,97,1,17.477277887557854,-14.076124181452485,2.1445530173704794,0.2757565765881661
191,-82.0,83,1,26.295341264944614,-7.991114957864026,2.818800730877612,0.23091952327683749
192,-65.0,66,1,55.48520494114156,-12.346706107258797,3.6744253563158438,0.199835228564387
193,-131.0,132,1,29.846574786579534,-9.419610927840978,3.4038440386454263,0.25646723039222485
194,-81.0,82,1,11.64730607879791,-10.997479397349242,1.5059121759926402,0.23797075575353896
195,-103.0,104,1,13.861946890643313,-12.556509497790383,2.1457106333512526,0.22206314323613277
196,-73.0,74,1,18.53324227362267,-8.915808978515702,1.6135934881261877,0.23792275315704378
197,-113.0,114,1,13.251580751043532,-6.670390898982684,2.5266499153354713,0.22767681826984412
198,-87.0,88,1,8.961784765918061,-12.092194423841482,1.819772178476507,0.25650511957197025
199,-63.0,64,1,21.96274789856693,-9.915958465542644,1.9979420900344849,0.20744568860391155
200,-92.0,93,1,16.350706189174847,-11.022977286449043,2.0391770332090315,0.23531899061454561
201,-101.0,102,1,9.215605105516671,-10.048301954625869,1.8093850752886604,0.2740937126252581
202,-76.0,77,1,32.65321249626849,-12.655999883428796,1.877024712500634,0.29336271884960013
203,-133.0,134,1,14.897096558078713,-12.154866525152727,2.190824551368827,0.2824470875923758
204,-124.0,125,1,8.493243854984641,-10.10033057832718,2.093558395385742,0.3352586291879415
205,-92.0,93,1,12.342957052297049,-16.75981652512345,1.8158893175022577,0.33476178420166813
206,-277.0,278,1,13.906175865296397,-19.005327956657187,2.2812162509067453,0.45918527953058697
207,-500.0,500,0,9.093175856266317,-27.94365008223057,0.9994239654541016,0.4385157910622656
208,-146.0,147,1,10.08207248333528,-27.769962138464663,1.7828799656459264,0.4261327209521313
209,-114.0,115,1,15.45982795153623,-17.77373848389024,1.8688878598420515,0.3684007272772167
210,-97.0,98,1,31.537681067583378,-16.024533094039985,2.302868122957191,0.29424471250374096
211,-223.0,224,1,13.618923993842534,-10.78586081022929,1.9421645317758833,0.1489515443349124
212,-79.0,80,1,22.0363887649175,-10.849984215572476,1.958515429496765,0.22552488655783237
213,-95.0,96,1,6.624193104264123,-14.188012500759214,1.6350180606047313,0.22115912331112972
214,-80.0,81,1,15.805466153295308,-11.537058769368832,1.9239844333978346,0.23185716916657526
215,-85.0,86,1,6.974273580542209,-16.081910749334234,1.39319717052371,0.21804067488153314
216,-76.0,77,1,6.366787429065927,-9.679355380113249,1.7914309192013431,0.20001501967380572
217,-82.0,83,1,9.225704036596937,-12.529402123248003,1.7969737684870342,0.19390151701328984
218,-81.0,82,1,7.7056051982359435,-8.456536749514138,1.7870824860363472,0.20198789959001104
219,-101.0,102,1,8.59444237705069,-11.359015914118466,1.9968626779668472,0.22263234453823635
220,-88.0,89,1,6.170375697777948,-9.805767116921672,1.4849470760045427,0.26300598513544277
221,-117.0,118,1,13.10612669925381,-11.262387055209128,2.231974925025035,0.2447980756603055
222,-117.0,118,1,9.861602233432261,-12.554176458552227,2.0224550699783586,0.184013026640198
223,-94.0,95,1,9.420600799662306,-7.712452841510898,2.024824463693719,0.20818605299450849
224,-113.0,114,1,14.210390920801856,-6.355047019035147,2.1863609280502585,0.18391994396714786
225,-86.0,87,1,11.374503904135347,-11.127650970357587,1.8094889980623092,0.23244228582272583
226,-85.0,86,1,6.184178980214245,-10.839066080229227,1.876123777655668,0.23389783053290705
227,-71.0,72,1,11.51263411480876,-6.108933297813767,2.476352095603943,0.18038134820138416
228,-142.0,143,1,6.774998326826262,-6.686693866248731,1.693584105351588,0.1747403809136444
229,-66.0,67,1,26.316158439503823,-9.791799072454225,2.38058141452163,0.23838705752990139
230,-500.0,500,0,13.915026148787852,-23.95657162001729,1.9226443557739257,0.5122802844941616
231,-119.0,120,1,16.56806736946067,-8.015920913522132,2.8366453369458515,0.15837580123916267
232,-165.0,166,1,7.164704230498994,-2.0652633020317697,1.7975522064300904,0.10958233660827559
233,-85.0,86,1,21.154593845163365,-10.100904221364924,2.274124589077262,0.20528713219560857
234,-94.0,95,1,6.682943415611303,-16.012899032548855,1.5764775828311317,0.22613716196072728
235,-78.0,79,1,10.483029157282855,-13.333380471679229,1.8472817819329757,0.24158566695036768
236,-86.0,87,1,12.041803830397589,-14.35367359032576,2.165157745624411,0.2301763298696485
237,-84.0,85,1,16.64297719723819,-12.110472802028937,2.3447163076961743,0.21494024382794605
238,-76.0,77,1,13.46672128087708,-13.064796862083597,2.450407313061999,0.1895152001411884
239,-141.0,142,1,5.218020393903073,-8.198866999839288,1.4084239274683132,0.17170183994138324
240,-111.0,112,1,6.5542732791006655,-7.8667990439155675,1.9600944332778454,0.17382559291685798
241,-500.0,500,0,8.429433535465504,-1.736656594708562,1.135474220275879,0.052348477408289906
242,-108.0,109,1,17.868682288675817,-10.379610290494535,2.908277371607789,0.24591027336929916
243,-65.0,66,1,40.975474096242,-8.842273336242545,2.805582046508789,0.19403584174473176
244,-235.0,236,1,9.13695581526264,-4.3743586797779965,2.110793775926202,0.1127922108902012
245,-122.0,123,1,14.610752437822143,-7.893333287955057,2.606229053280218,0.1797434287221451
246,-88.0,89,1,10.32319808277312,-7.363311554859863,2.308997239959374,0.20323730408726784
247,-197.0,198,1,13.060541703632087,-11.904018415862488,1.7455111850391736,0.12035458838811727
248,-408.0,409,1,12.304239678657716,-3.4506213897452085,1.3792087163202338,0.05406596460823689
249,-500.0,500,0,10.158690760545433,-1.9092952664867044,0.4502679138183594,0.009487261896021663
250,-500.0,500,0,9.521678628399037,-1.9761603012382984,0.4829960174560547,0.02568136812373996
251,-500.0,500,0,11.72168179397285,-1.085002350643277,0.4142142791748047,0.002667445791652426
252,-500.0,500,0,11.99126391711831,-0.0183463685028255,0.3859360504150391,0.002266676094615832
253,-500.0,500,0,12.274466419152915,-0.025469306848943232,0.37648687744140624,0.0029779960345476864
254,-500.0,500,0,12.661266985550522,-0.03307071252167225,0.39036610412597655,0.003724414914380759
255,-500.0,500,0,12.646184575632214,-0.060209307953715326,0.3648334503173828,0.006240811169147492
256,-500.0,500,0,13.681049291133881,-2.386435874648392,0.44773858642578124,0.025921914545819165
257,-500.0,500,0,13.40539285928756,-1.7175853227376938,0.41752975463867187,0.0199240885078907
258,-476.0,477,1,7.3025767910861665,-3.691213785586742,1.077506925075059,0.053255033462583645
259,-202.0,203,1,43.305904006285836,-8.232686453118113,3.265267423808281,0.13399534637631455
260,-127.0,128,1,31.46109033634832,-10.894439021329163,2.8802172243595123,0.1746784584465786
261,-297.0,298,1,8.997766298942944,-4.721526382015956,1.4488715677453368,0.07796605478897191
262,-229.0,230,1,11.326919929455439,-9.631052701167114,1.2123984295388928,0.05369351576082408
263,-500.0,500,0,12.667083979215706,-0.0424315288439393,0.37340211486816405,0.004732285796664655
264,-500.0,500,0,12.878518332641573,-0.03327582730725408,0.36879310607910154,0.0038705849554389717
265,-500.0,500,0,13.019712197255343,-0.048573223304003474,0.35540591430664065,0.005327908959239722
266,-164.0,165,1,14.1871268522012,-3.1366071269141904,1.7305507313121449,0.06256221141666174
267,-145.0,146,1,20.839907590526398,-3.193811013580185,2.4135511868620574,0.09672561250244306
268,-112.0,113,1,17.248156690770713,-6.776368803072688,3.179290197591866,0.09099093011984255
269,-87.0,88,1,21.927208665246575,-7.567348202330653,2.814356803894043,0.12979761535957965
270,-137.0,138,1,13.914353054451277,-3.861753835963706,2.019020864928978,0.11506221764990925
271,-500.0,500,0,12.916777290057274,-1.0770878852009773,0.4033579864501953,0.008623202556744218
272,-310.0,311,1,9.929894455764337,-4.303784086416892,1.468622968127873,0.07434930001127973
273,-500.0,500,0,13.17028172212781,-0.029944033747538925,0.3729043426513672,0.003431296404451132
274,-219.0,220,1,8.532964096474727,-3.642249888177453,1.3833426822315562,0.08252266776980832
275,-500.0,500,0,13.32996777853684,-0.0257474774569273,0.36686956787109376,0.002956629719119519
276,-500.0,500,0,13.5085579089073,-0.037035253435373304,0.35311676025390626,0.004005610967520624
277,-500.0,500,0,13.628115723291412,-0.03715852057561278,0.3401195983886719,0.00409312841668725
278,-500.0,500,0,14.06833686236851,-0.7723626973256469,0.3767274932861328,0.021536572831682862
279,-146.0,147,1,26.999540720737244,-12.66300351441312,3.212830284014851,0.2242810056373781
280,-123.0,124,1,25.022093013393217,-13.665758098806105,2.4006982926399476,0.1814919407930105
281,-156.0,157,1,19.73130582656658,-12.138387633546902,2.6840838900037634,0.28412534705819975
282,-294.0,295,1,12.507574806369247,-13.260688325522814,2.423852571390443,0.2878222706806609
283,-192.0,193,1,18.935902425958087,-10.80805081777622,2.8278700280065983,0.19085743135430033
284,-119.0,120,1,21.007179733313873,-10.28392675879101,2.1597049395243326,0.27138360200915485
285,-112.0,113,1,18.112635810500468,-17.807896020401895,1.9033333601149838,0.2939527075144306
286,-169.0,170,1,5.141369321520838,-12.283454107449336,1.4674920446732465,0.22708606921574648
287,-143.0,144,1,8.349000496141445,-11.610615047884899,1.443871299425761,0.23104758990100688
288,-164.0,165,1,10.394135240547598,-13.303130487555807,1.644451904296875,0.22143741066031383
289,-163.0,164,1,11.433766697500776,-9.761763793030163,1.5587444538023414,0.24020135223229483
290,-92.0,93,1,12.859426230507163,-14.567128717899323,2.269880848546182,0.22650178389683848
291,-99.0,100,1,27.990265840180218,-18.7595609793067,1.6420315170288087,0.17139590956270695
292,-125.0,126,1,6.656476368771456,-10.564287287907469,1.65302122206915,0.14670757881350935
293,-111.0,112,1,6.851985837512335,-8.976093008914697,1.5949384995869227,0.17935872091246502
294,-311.0,312,1,4.0249455535604515,-4.244868998033687,0.6022023787865272,0.06152816986044248
295,-500.0,500,0,12.153776308881119,-0.9792661936879158,0.421625244140625,0.014082980701699853
296,-500.0,500,0,12.191476387753617,-0.18172689041495324,0.39688294982910155,0.017144478134810924
297,-388.0,389,1,6.187284477673959,-4.394171716429887,0.7070918242545238,0.08595916924275132
298,-192.0,193,1,6.982865003332401,-8.451885763536463,1.3148794025954804,0.22575967556222734
299,-132.0,133,1,21.344588155414,-16.32686827460626,2.4475829762623724,0.351613894441074
300,-125.0,126,1,10.796979972383095,-22.19009982120423,1.992480580768888,0.4310462021875003
301,-140.0,141,1,12.545223009610051,-22.231235912082887,2.1126104990641275,0.552065409878467
302,-184.0,185,1,14.15521052604033,-28.20029956037934,2.7821555988208666,0.5661959454618596
303,-239.0,240,1,13.38168102288546,-23.070514453947546,2.096158488591512,0.4432242125738412
304,-105.0,106,1,12.858233997278148,-28.93552556240334,2.0941961036538177,0.48098301732877513
305,-213.0,214,1,11.2135068815529,-22.96442961302873,2.025837599674118,0.4181198824858554
306,-115.0,116,1,11.00388344560395,-16.58280642895863,2.207760654646775,0.41425909622219104
307,-132.0,133,1,16.733375393777003,-21.445626459847716,2.5558299157852518,0.497532293004425
308,-116.0,117,1,22.078328089417546,-28.418646490471996,2.355972208528437,0.5550922816062075
309,-178.0,179,1,15.567214750310512,-28.273072121862594,2.249785950729967,0.5258343298633338
310,-112.0,113,1,19.143892251985843,-22.592730393715666,1.9068199258989993,0.47088117346958774
311,-125.0,126,1,11.799520181187189,-24.00120783230615,1.8367072059994651,0.4238991492560932
312,-128.0,129,1,7.9956571853028375,-19.786791776501854,1.0574944370476775,0.38756691999444665
313,-102.0,103,1,9.470510272350438,-20.873854686334294,1.6065242730298088,0.3625291251007793
314,-136.0,137,1,9.298834884087182,-19.192475639555575,2.1810752562362783,0.3035014043868023
315,-126.0,127,1,13.378794045334198,-13.677335813289552,1.7533946750670906,0.21324467788061757
316,-130.0,131,1,8.876405472296668,-11.817883957433336,1.8009001680912862,0.24974593980849244
317,-335.0,336,1,3.212305644143877,-9.344187476140048,0.9596763196445647,0.1975907323261102
318,-169.0,170,1,9.316300124500499,-14.574304955145893,1.2342357859892004,0.30862073039307314
319,-217.0,218,1,8.302155685526428,-16.630163688981614,1.5567109781667727,0.27381827466941755
320,-192.0,193,1,7.488385357231703,-12.779782785652833,1.3908077212812986,0.30772255723958186
321,-154.0,155,1,13.379470604868802,-18.757991804807418,2.1576456500637917,0.358462754276491
322,-267.0,268,1,5.592503484552728,-22.93167762113596,1.396704773404705,0.4252961105319546
323,-145.0,146,1,9.62188810742921,-17.526512463207116,1.8949868581066394,0.44295804896583296
324,-140.0,141,1,14.748374005574865,-25.10013098370099,2.52937601982279,0.4364160199431663
325,-169.0,170,1,5.716822573087548,-18.628693258937666,1.4102223003611845,0.3681592110106174
326,-197.0,198,1,7.64536132665289,-24.12755202193453,1.7361984132516264,0.45284344775207114
327,-352.0,353,1,6.9526923084667835,-18.34349215722962,1.120569396626848,0.329459123176235
328,-167.0,168,1,7.319952060476983,-30.250959858387,1.5838565258752733,0.5908153147569725
329,-180.0,181,1,6.737185657271685,-32.80175947928956,1.6338010492904411,0.5844862975221312
330,-140.0,141,1,9.827617680999047,-25.256745764761106,1.8254341774798455,0.5513807869655021
331,-118.0,119,1,12.163299262826918,-30.09844093538132,1.8569632137522978,0.592602421005233
332,-101.0,102,1,12.247395152289434,-32.0907100190719,1.9536265204934513,0.532697234448849
333,-148.0,149,1,6.3238227792981165,-29.141043089580215,1.4801791658337484,0.4647327709518023
334,-143.0,144,1,7.794521691861316,-24.486581657909685,1.759998122851054,0.48698237186504734
335,-104.0,105,1,4.643203406882129,-17.77945599868184,1.7313561666579473,0.4624899535661652
336,-175.0,176,1,8.552979798393194,-20.29860899470408,2.0051367499611596,0.4458839903395115
337,-213.0,214,1,5.338972287120626,-26.611563601087187,1.5705452099024693,0.5727129059138699
338,-142.0,143,1,8.735942281203807,-31.15809483065472,1.6190946352231752,0.5717550648076759
339,-120.0,121,1,14.045871641077506,-30.216914586045526,1.8042687502774326,0.5366023557091301
340,-145.0,146,1,13.169809543593445,-24.12761239156331,2.237308188660504,0.4626735904930185
341,-169.0,170,1,12.974869552001644,-23.6362981421106,2.3929472642786362,0.5086380669737564
342,-146.0,147,1,12.336425583991463,-28.398640153764866,2.0004230291665004,0.5735797971917861
343,-169.0,170,1,16.43900798240365,-30.136378707254636,1.8063797726350672,0.5727857041227467
344,-176.0,177,1,7.170563365613133,-33.65352269922946,1.7013967481710144,0.5499162200396344
345,-118.0,119,1,5.526848403910594,-24.20692258497246,1.4998499605835987,0.4810746229339798
346,-107.0,108,1,11.190073351010344,-21.713317403776777,2.2645862720630787,0.4827589097225832
347,-206.0,207,1,7.864605656429644,-27.635471333160204,2.0044000131496484,0.5731496836558201
348,-204.0,205,1,7.931590948721022,-33.15286842250242,1.9682654869265672,0.5878673812783346
349,-125.0,126,1,11.51145529079215,-30.125415499366465,2.136302849603078,0.5340205501351092
350,-120.0,121,1,20.397552879369908,-24.27162755446986,2.512804378162731,0.5525188566116263
351,-188.0,189,1,6.975427161597908,-32.11327382937941,1.952986543140714,0.5894700465378938
352,-169.0,170,1,12.241490508077721,-35.20425890403635,2.4612325219547047,0.5580131857491591
353,-141.0,142,1,10.160419193522358,-37.04851359632653,1.9869367975584218,0.5518963768238753
354,-173.0,174,1,11.664134798571467,-21.888751183518732,2.3372576812217973,0.4851850450531333
355,-139.0,140,1,8.851426825642452,-33.16339823901653,1.6988858222961425,0.558546000426369
356,-168.0,169,1,12.868125096340107,-33.07595069195039,2.156077300303081,0.5005913389372755
357,-157.0,158,1,15.565103305829394,-32.00859220731485,2.2362823969201195,0.5142704707252074
358,-167.0,168,1,16.149598488315643,-22.491863852012017,2.6998069626944408,0.494368072432865
359,-175.0,176,1,16.782529899074277,-22.895879415710542,2.766591267152266,0.43033916576215153
360,-116.0,117,1,13.456740245374286,-21.449867384428654,2.376309174757737,0.4290509923783123
361,-123.0,124,1,10.813361267748874,-19.66551527705404,2.3080266214186147,0.4292515273536405
362,-125.0,126,1,20.594539239095795,-31.10550252182616,1.981686001732236,0.4926380477550011
363,-105.0,106,1,17.09410903730511,-25.983614366290706,2.252799052112507,0.46341869315870526
364,-199.0,200,1,7.473504346666741,-29.774286743588746,1.5740369319915772,0.4943617593497038
365,-164.0,165,1,11.437882872020463,-22.95029096553723,1.912380334102746,0.4505092680228479
366,-315.0,316,1,5.321521908533318,-26.34261934360183,1.6772554856312425,0.4532593416191543
367,-217.0,218,1,12.063455921177642,-25.70182653222609,2.0702592779737,0.4699093425185035
368,-177.0,178,1,17.02290339260676,-33.24544183700607,1.6993654015358914,0.416095983373064
369,-214.0,215,1,14.174425482505196,-25.974260517123135,2.0750743244969567,0.4386193063456652
370,-161.0,162,1,12.531025644830128,-20.624357650677364,2.314422807575744,0.39746410367481505
371,-275.0,276,1,4.832194914234434,-25.183388649229553,1.154289480568706,0.37359536656488973
372,-241.0,242,1,10.590171600147961,-25.211801866485068,1.390489026534656,0.3471882234073498
373,-500.0,500,0,7.203610864655929,-14.237566993832589,0.6901208877563476,0.1971779273673892
374,-500.0,500,0,11.461549422890762,-8.0070654733181,0.5854633178710937,0.12782208427786826
375,-500.0,500,0,13.852601341497852,-16.531469946563245,0.8554263000488281,0.22022145882621408
376,-500.0,500,0,12.769102177135297,-7.193335587322712,0.3982252655029297,0.05212308450229466
377,-500.0,500,0,12.9001670909822,-0.19042785722017289,0.3695800628662109,0.018152146592736243
378,-500.0,500,0,13.085083715815097,-5.097461539551616,0.4118658905029297,0.030767918901517987
379,-500.0,500,0,13.096153759464622,-1.418431664377451,0.36060638427734376,0.009657151551917195
380,-500.0,500,0,13.213448497537524,-2.3160597384013237,0.3602797698974609,0.007194039954803884
381,-500.0,500,0,13.32366599233076,-1.3491790021322667,0.35709994506835935,0.004192156790755689
382,-500.0,500,0,13.400586509551854,-0.015222093222662807,0.3439510498046875,0.0018888898964505643
383,-500.0,500,0,13.495950444344432,-0.017904609967023134,0.3413380889892578,0.002178027036599815
384,-500.0,500,0,13.581088018488138,-0.024538412922993302,0.3390545196533203,0.0028730548147577794
385,-500.0,500,0,13.658339247826486,-0.047333545122295616,0.33704339599609373,0.005065355190541595
386,-500.0,500,0,13.728099644489586,-0.08935679853335023,0.33519285583496095,0.008827228781767189
387,-500.0,500,0,13.986137840969954,-21.34220104071498,0.5300912628173828,0.28618019192665817
388,-348.0,349,1,18.836963423196377,-38.69953453814061,2.030467189143927,0.515661208434057
389,-217.0,218,1,16.855056211263967,-35.550984073942956,2.4129883127475003,0.48605007090426366
390,-184.0,185,1,28.41578276549038,-30.76940363323366,2.5998893943992822,0.48964182517013033
391,-164.0,165,1,26.067441947320052,-31.306166039452407,2.701411299272017,0.530463896420869
392,-102.0,103,1,45.10655778508127,-34.28304400143114,2.0129749705490556,0.45936189078300904
393,-98.0,99,1,30.884002938217513,-32.32541412566648,2.025611723312224,0.4470439135576739
394,-95.0,96,1,28.25216196149025,-29.604311627025407,2.350557009379069,0.4098503630763541
395,-88.0,89,1,18.286478074408773,-23.24860956427756,2.217193839255344,0.3991607709714536
396,-118.0,119,1,16.78027456312366,-25.842573466542483,2.6071340356554304,0.38357434788045763
397,-131.0,132,1,34.555325018782185,-26.328790816845316,3.0817864735921225,0.42308287223744573
398,-124.0,125,1,19.77363126986148,-20.904119028925894,2.9493778305053713,0.35819025325775145
399,-135.0,136,1,22.46641873229023,-28.134678379358615,2.6723181500154385,0.4321867541464813
400,-83.0,84,1,14.368476542971967,-22.20742209308914,2.0913517361595515,0.4109145903161594
401,-123.0,124,1,25.057851866713815,-19.40182417787371,2.955692768096924,0.392278958953196
402,-141.0,142,1,18.70425987060544,-25.349292650294135,2.8679113656702175,0.47052823579017544
403,-89.0,90,1,32.25863405436717,-28.25640371110704,2.179720645480686,0.4144625277154975
404,-128.0,129,1,19.60186162921997,-28.14693291265835,2.2174259304076203,0.41245560261399244
405,-167.0,168,1,25.91977111243683,-19.41547785140574,3.4699087540308633,0.4719687183165834
406,-101.0,102,1,15.165231268951674,-34.6243726272209,2.195155648624196,0.46366193561869506
407,-134.0,135,1,20.340073179284595,-25.266732850670813,3.002990867473461,0.45354549901352986
408,-144.0,145,1,17.01071105598801,-16.031393027511136,2.8205267412909145,0.3226495599438404
409,-145.0,146,1,10.860835532084097,-26.307483250147676,1.9231842511320767,0.39158146971300856
410,-108.0,109,1,12.06606184943246,-22.765245009999756,1.7748022341946943,0.3959965620429144
411,-100.0,101,1,16.036800061191183,-33.13122397602194,1.845304017019744,0.4668492201973896
412,-121.0,122,1,8.880646577126397,-26.908191226056363,1.8754161303160621,0.4754080352236013
413,-200.0,201,1,9.530614210878827,-29.6164267920143,1.3779661453778471,0.36066559160971523
414,-186.0,187,1,9.697811624016252,-21.74585910930353,1.3976850662639435,0.35517032410610805
415,-127.0,128,1,9.561349313206392,-33.84597903431859,1.812498077750206,0.3470937090460211
416,-135.0,136,1,6.740422926649711,-17.551673541174214,1.428461523617015,0.33116445802699995
417,-148.0,149,1,9.742483774412207,-19.39261144259632,1.382444221701398,0.3650538763718917
418,-149.0,150,1,9.940032870932095,-22.711629473368326,1.4256345876057943,0.2695611052711805
419,-172.0,173,1,7.3864581625860835,-15.736233099347594,1.6095381830469033,0.29405154717407817
420,-194.0,195,1,7.451096764028681,-14.416804496294413,1.4318616133469801,0.2582773950141974
421,-185.0,186,1,6.9618468002537615,-20.93005445831886,1.758315973384406,0.36369596001121307
422,-500.0,500,0,2.760695096799638,-8.776459543079138,0.6888274269104004,0.13326537672802805
423,-324.0,325,1,9.625409168173345,-12.694180696744185,1.3791981095534105,0.20364662854430768
424,-500.0,500,0,13.892032795179635,-1.103964323684573,0.40634402465820313,0.0245747464671731
425,-500.0,500,0,13.77141596987471,-1.2622686079889536,0.35074107360839846,0.03415817930735648
426,-496.0,497,1,6.792849722370938,-10.012017412834483,0.8373810136821908,0.16615314185769264
427,-92.0,93,1,17.036163829543042,-15.326885639299308,3.1200793943097516,0.3582490606093279
428,-108.0,109,1,18.09949560823248,-26.364236764814876,2.7269766177606147,0.4299922176047203
429,-102.0,103,1,31.7692289909453,-23.277409139767435,3.798527393526244,0.34538958026367483
430,-105.0,106,1,22.917608127533896,-16.551492387468418,2.986500122637119,0.3245055010225975
431,-81.0,82,1,28.515159421850978,-19.84051263559519,2.8278101246531415,0.3540080782344065
432,-113.0,114,1,23.292516777206625,-21.691251058850373,3.1690470879538015,0.31673286920576765
433,-156.0,157,1,13.716562167481834,-23.263844600647307,2.649204986110614,0.2925643369223282
434,-98.0,99,1,17.434798644799173,-10.716973743504948,2.9505891896257497,0.23848468625936844
435,-99.0,100,1,14.686222423853469,-15.877649407684803,1.8512196159362793,0.26308539375662804
436,-108.0,109,1,14.838432391290018,-14.681464397920928,2.8305984943284903,0.25521314027932807
437,-131.0,132,1,13.83064405415313,-13.847003744068472,2.2896543127117734,0.2313283824531192
438,-107.0,108,1,9.041867973572355,-15.596166261006147,2.1548274093204074,0.20417869598087338
439,-95.0,96,1,15.126975610489808,-16.72803143404114,1.4038833777109783,0.20765697645644346
440,-158.0,159,1,3.6493987949889406,-9.545242434984026,1.1454912191666897,0.21844844790702722
441,-120.0,121,1,6.300740466731185,-16.021394677029168,1.4898666980837987,0.23878129460841171
442,-114.0,115,1,8.946992168595772,-13.764423875445905,1.442193072775136,0.23292687762852596
443,-108.0,109,1,4.158563477424008,-12.800242186686315,1.208229196180991,0.2642788263806783
444,-94.0,95,1,6.110711321345604,-14.48474655110193,1.620029770700555,0.26256301403045657
445,-120.0,121,1,5.710441621584232,-20.217717058895047,1.4534537969541943,0.21368712777164112
446,-197.0,198,1,5.809606054333871,-6.593055712190842,1.357832954387472,0.15439190039166598
447,-83.0,84,1,13.621523782027431,-15.357249232408192,2.6450391496930803,0.16913664103707388
448,-304.0,305,1,2.0066170030031123,-8.762137487451318,0.7320035465428086,0.09319416657090188
449,-94.0,95,1,9.67044645360622,-7.517679607397632,1.7376492952045641,0.13616777918252507
450,-163.0,164,1,3.001044557945556,-8.412672801323735,1.050406211759986,0.11439123608047007
451,-121.0,122,1,4.233884537230879,-7.377372997087717,1.2221531985235996,0.1312135857507037
452,-101.0,102,1,6.307062465480675,-4.589912628818888,1.4786879595588236,0.1593965890351683
453,-81.0,82,1,6.622241928142812,-6.674077036878571,1.8464533875628215,0.1628196188021542
454,-121.0,122,1,4.2091067610537545,-6.954064002345492,1.4955666671033765,0.14010393735570986
455,-75.0,76,1,6.243606529517197,-12.429568878087785,1.8446984667527049,0.14385898845074208
456,-77.0,78,1,7.327695909418906,-5.765003608647161,2.181387020991399,0.12895016455784059
457,-64.0,65,1,10.82839317990561,-6.137114469076579,2.720240803865286,0.11601727548986673
458,-113.0,114,1,12.264386697383312,-5.976706840690193,2.386323889096578,0.12403510511738428
459,-168.0,169,1,6.848852353291148,-5.433705835101696,1.7871070839244234,0.11829690076961849
460,-102.0,103,1,8.412670249158394,-8.518455623432054,2.005434202916414,0.12763624538857382
461,-119.0,120,1,5.753791120863025,-10.971633955467647,1.6423090100288391,0.09570363086337845
462,-450.0,451,1,5.642079548384133,-2.8297306561749376,1.1348659043301499,0.06446795960054
463,-73.0,74,1,9.93837917039904,-3.381037644173547,2.2873504484021985,0.10420552004959334
464,-147.0,148,1,10.756735611095005,-5.253795986548318,2.2120180323317244,0.10254187544971402
465,-93.0,94,1,9.240688500067026,-7.193200165069008,2.317254030958135,0.07370823806032856
466,-77.0,78,1,9.92944545187474,-2.971556825573759,2.2836016783347497,0.09310497680846123
467,-106.0,107,1,11.743595778435104,-7.899170823079734,2.5499377139260835,0.11639262907746657
468,-72.0,73,1,10.656378208841389,-1.8432474099482372,2.2020075647798305,0.0657115469444288
469,-113.0,114,1,6.4083337617666345,-5.680727353364458,1.7233131224648994,0.086688860981284
470,-65.0,66,1,11.587814330947092,-1.9668624163746382,1.8464243628761985,0.08125180701696963
471,-77.0,78,1,7.129853879616862,-3.28806059804554,1.9384941626817753,0.06170850686537914
472,-74.0,75,1,5.502890870211025,-4.967992901548666,1.843622433344523,0.06306204644342263
473,-96.0,97,1,7.202542080625096,-4.878841016607206,1.9125467022669684,0.07414197819979534
474,-89.0,90,1,10.791028623496338,-3.333299354272377,2.388335853152805,0.06859646332450212
475,-75.0,76,1,14.441281377029986,-6.166019488456904,2.2460189430337203,0.06505511378207685
476,-97.0,98,1,7.286212093915496,-3.210258571989359,2.0247643687287153,0.06807014417397428
477,-211.0,212,1,25.879984002773714,-0.8253409834183261,3.8036698777720614,0.02194420176443978
478,-86.0,87,1,12.810598861693736,-2.3017263979190723,2.53192147441294,0.0636752959469269
479,-73.0,74,1,15.544770604078154,-4.116796147103447,1.971544343072015,0.059162925626780535
480,-73.0,74,1,6.8016879626949365,-4.899559359928291,1.7423066061896246,0.06304442413730195
481,-79.0,80,1,5.395082641557383,-2.033605650890968,1.7782741457223892,0.0575214795593638
482,-67.0,68,1,23.59819952634451,-2.390189517344184,1.8743990729836857,0.08279880204731051
483,-72.0,73,1,4.693828953879771,-2.335237774564183,1.5383832879262427,0.05877448293087009
484,-78.0,79,1,4.479157010299821,-6.861653472125955,1.5462609967098961,0.06986898613527795
485,-88.0,89,1,5.899913829769625,-2.8796141685556957,1.7966003819797816,0.04565382391486442
486,-64.0,65,1,10.912877809073185,-1.0177998733921694,1.5904036595271185,0.053098327243843904
487,-78.0,79,1,5.096354341765871,-1.5887323576320387,1.750649271132071,0.06394720495430918
488,-66.0,67,1,6.630512114403137,-1.4738351464716357,1.8458358850052108,0.05776465521541549
489,-95.0,96,1,10.249596596964693,-4.879101191819548,2.180770422021548,0.05669949852745049
490,-92.0,93,1,5.515663437607889,-1.262555908081272,1.7960781333267049,0.04428621161208358
491,-64.0,65,1,5.878180716544962,-2.670458637149288,1.7285819127009465,0.09352509509772063
492,-73.0,74,1,9.566207196876546,-1.2040527163299959,1.8876905699033995,0.05324428050929832
493,-86.0,87,1,7.361876087407742,-2.372550494979596,1.8393138085288563,0.05758497003337432
494,-90.0,91,1,6.006769433469194,-3.0049608950452,1.7854596651517427,0.07720674973513399
495,-70.0,71,1,4.867640601160352,-2.130865556437155,1.4355715630759656,0.08612603720434954
496,-71.0,72,1,6.8880454355571095,-9.891819123916017,1.6324134535259671,0.06928952154056686
497,-69.0,70,1,3.3905488744419667,-5.029234418938202,1.4459090437207902,0.057558379698145604
498,-79.0,80,1,5.055544503108831,-3.048172402882483,1.5706919431686401,0.0925344456336461
499,-91.0,92,1,6.375244288567046,-2.8427755854208954,1.7879000202469204,0.06195670217225004
500,-73.0,74,1,5.767576240174782,-2.6118397920367284,1.7889104082777694,0.0818199261305602
501,-87.0,88,1,8.23614169489751,-4.321583064233312,1.943936900659041,0.05868082700180821
502,-72.0,73,1,10.421797176881228,-1.4863428816913742,1.8175121986702696,0.05533660893098847
503,-73.0,74,1,3.732627544100585,-0.9598681691725662,1.414048125614991,0.05378235988413311
504,-78.0,79,1,4.869680824483262,-2.075096496945259,1.6839665461190139,0.061399976224815356
505,-72.0,73,1,4.305745637198999,-5.726997009139031,1.5245016176406652,0.06972593509860031
506,-97.0,98,1,6.526356689270814,-1.3170692544544533,1.861214997817059,0.057853857547101775
507,-77.0,78,1,6.571563661435786,-2.467833393564363,1.9294771934166932,0.06918197401906721
508,-71.0,72,1,5.07851175968608,-2.6356470756355623,1.6871284246444702,0.08083041787095782
509,-70.0,71,1,6.243594683396046,-1.5004666118003742,2.055704054698138,0.05657944338015792
510,-72.0,73,1,8.096992465989562,-3.4036917590052975,2.0233105388406205,0.08833608140671396
511,-73.0,74,1,7.588282712231818,-6.452740898688569,1.8559204178887445,0.09883947471295156
512,-78.0,79,1,5.892222874721253,-4.010947874588067,1.8081666366963447,0.08892132046549947
513,-72.0,73,1,5.60864639652204,-2.0854336322119384,1.7440124799127448,0.049245256547854374
514,-168.0,169,1,11.689465670650081,-3.5383500683812987,2.286421648849397,0.05026657068165096
515,-72.0,73,1,5.170938729722378,-7.6874034534119176,1.5940942241720957,0.11062008807473905
516,-88.0,89,1,14.202433389027176,-1.6018736737157646,2.5102078017224088,0.06445416881640055
517,-73.0,74,1,4.750346771711987,-1.3500507019414578,1.4973384222468815,0.05507710248521353
518,-89.0,90,1,7.771743544772431,-1.3913077677503074,1.9688431554370456,0.08139169395176901
519,-78.0,79,1,19.73290612917582,-1.9329067268526723,2.4197569663011573,0.05894318027303943
520,-66.0,67,1,11.204803564246056,-7.247356652045872,1.806724747615074,0.08477594732626606
521,-72.0,73,1,6.578111934785178,-4.771006927331144,1.6570400734470314,0.07591361127321748
522,-163.0,164,1,16.520747493317906,-1.860169448111797,3.0753547912690697,0.04176597987307326
523,-88.0,89,1,6.751214234328441,-4.813496876145998,1.7515330569127971,0.0769161051191557
524,-86.0,87,1,5.871050517199375,-2.8605191927274753,1.5833636097524357,0.10408480415500743
525,-223.0,224,1,6.580436398528507,-1.6444207166075233,1.7126201114484243,0.057509350789976973
526,-73.0,74,1,5.261197580598024,-3.860306102477291,1.5351962785463076,0.08251836347217495
527,-123.0,124,1,5.933809629945655,-7.222034268903606,1.6194630822827738,0.07458068143985715
528,-88.0,89,1,10.628135605642619,-1.6401227984807631,1.767453622282221,0.05413069788188663
529,-81.0,82,1,5.563559564747621,-6.467283321714892,1.4561741991740902,0.12335091607258995
530,-87.0,88,1,7.1083254380939085,-7.953779641771689,1.63629657571966,0.11551131780619141
531,-83.0,84,1,5.055365480406354,-3.0254487213481167,1.6468468734196253,0.06664169716670931
532,-103.0,104,1,4.296978193901116,-4.290320594309238,1.3746089064157927,0.07685140860177433
533,-96.0,97,1,9.699154076887746,-7.003774470376023,1.8773083441036265,0.08979201296670843
534,-80.0,81,1,10.56703942949326,-2.8798913067080263,1.7789876137250735,0.08264987582892731
535,-109.0,110,1,9.823595687421038,-3.114477488161488,2.041445593400435,0.05419648637233133
536,-74.0,75,1,4.812034406568855,-2.4507931255114577,1.402801767985026,0.06310115126582483
537,-91.0,92,1,7.4714715390335815,-1.6266404045340808,1.625468347383582,0.06344123887222099
538,-75.0,76,1,3.826072062006173,-2.730929090537278,1.2948575459028546,0.07198275982916943
539,-89.0,90,1,6.921914684627134,-1.3886866351162703,1.881431308057573,0.058152874409117636
540,-93.0,94,1,8.09968465150017,-3.2725000078616504,1.9909460341676752,0.08492982895311682
541,-80.0,81,1,6.980479492805898,-2.9066563310894975,1.8354591675746588,0.0717425061803725
542,-65.0,66,1,15.854944579649866,-4.046624621686836,1.6781979763146602,0.07983677403888467
543,-113.0,114,1,5.96250958754293,-7.151198666851167,1.641973102301882,0.12308854758004217
544,-75.0,76,1,4.338856829937676,-2.8036849327066817,1.484803977765535,0.0531601294826128
545,-75.0,76,1,3.8082768696354163,-4.213427901353785,1.5090650304367668,0.07782568119000643
546,-92.0,93,1,8.106775702563144,-2.6941471046327505,2.0388517225942304,0.07859080329897904
547,-94.0,95,1,6.352440548992691,-2.3953275773188674,1.8656224464115343,0.06252065334518096
548,-76.0,77,1,3.384648400680888,-2.6904855154019285,1.4767965403470127,0.10496746726612283
549,-85.0,86,1,8.336874550010814,-2.806892832405432,1.72313480598982,0.06345952600294855
550,-132.0,133,1,13.82930138802744,-1.2887980374717678,2.4331117106559583,0.054982913805073814
551,-72.0,73,1,5.424409372814969,-1.4604284360188327,1.7618375836986384,0.0769943956617419
552,-92.0,93,1,7.642154385005274,-4.236086350209731,2.0729902175164994,0.0691251975424107
553,-84.0,85,1,6.027632100891103,-3.641780540774412,1.7448175318100874,0.1234168530551388
554,-79.0,80,1,6.9792748642303195,-3.3273897599661724,1.9206902146339417,0.09722018614411354
555,-81.0,82,1,6.22125637660757,-6.627273987456247,1.717542694836128,0.11099811089679418
556,-111.0,112,1,7.754787760792851,-3.8226777409560913,1.9427584196840013,0.0982215265602073
557,-77.0,78,1,5.492879064929767,-6.983442852034782,1.584005973277948,0.08751389005770668
558,-84.0,85,1,9.15219244420638,-2.187981818747871,2.0226993560791016,0.07105282179134734
559,-94.0,95,1,6.518760302783094,-4.317414365436783,1.8877692059466713,0.07516694329188843
560,-72.0,73,1,7.617367450597581,-3.656339111495508,1.979160687694811,0.08076325705759738
561,-72.0,73,1,5.316098297256634,-1.6452304247179872,1.753738527428614,0.07986150598408628
562,-73.0,74,1,4.355975504225196,-4.475789401692817,1.4569868654818148,0.07391344628775039
563,-93.0,94,1,10.002779165862446,-3.85011995978594,2.0363054529149482,0.06959760879126793
564,-74.0,75,1,6.491363150488469,-7.061569224068274,1.9453430112202963,0.10932283157172303
565,-78.0,79,1,5.512825166679664,-1.076866850658479,1.7489940908890735,0.04702890444476204
566,-71.0,72,1,2.664093521895767,-3.2813778848568393,1.277678221464157,0.0826679233642709
567,-76.0,77,1,2.047346912224833,-3.6348265444212773,1.027958691894234,0.08976548607158777
568,-78.0,79,1,3.3421911948562757,-1.6029866169047648,1.2776909402654142,0.0732992145032445
569,-75.0,76,1,4.362628965810138,-3.4639786726681785,1.578149045768537,0.09348411556014694
570,-76.0,77,1,4.684549576360975,-3.6041564161000266,1.587999523460091,0.06754919778942675
571,-71.0,72,1,7.9645465288259505,-3.3562557257828303,1.5844415426254272,0.0707368841718158
572,-145.0,146,1,11.605344732865401,-1.3881141509548187,2.3402563219201076,0.04570893897381548
573,-71.0,72,1,4.328343638865691,-4.684532595890535,1.4197713153229818,0.05700791077429636
574,-90.0,91,1,10.442697132150407,-9.862529319974563,1.9324811972104585,0.1049605735710689
575,-74.0,75,1,9.951512049536687,-1.94302744068671,2.197432285944621,0.07393339924203852
576,-84.0,85,1,8.999272172524156,-1.5398447749917121,2.0763254277846395,0.05449047250508824
577,-78.0,79,1,8.657004807825212,-1.5612815259130601,2.3465852239463905,0.06328055460029576
578,-64.0,65,1,7.9179332092476,-3.358770873519377,1.9117419462937575,0.0740300755517987
579,-86.0,87,1,6.125138675001846,-1.8690154390225933,1.931233501982415,0.05252017524232553
580,-89.0,90,1,19.431285345887105,-1.71797684212862,2.9660568780369228,0.05076477834437457
581,-78.0,79,1,5.707565967924893,-3.089251646270999,1.920248858536346,0.054456924901732914
582,-89.0,90,1,7.207298191130394,-1.2075643891934305,2.011937220891317,0.05598108052638256
583,-81.0,82,1,6.732747727121999,-3.376344944390173,1.7485915160760648,0.10575374330552977
584,-87.0,88,1,8.384260282960234,-7.13453764030022,2.0881686583161354,0.10458887491735037
585,-63.0,64,1,9.00800037670706,-6.358436791197164,1.838198035955429,0.07303530881836195
586,-94.0,95,1,7.95577508303058,-6.824121745980933,1.934105039897718,0.08719214767119603
587,-63.0,64,1,2.890032613915537,-7.410402494299888,1.3529212828725576,0.08915475960384356
588,-85.0,86,1,4.312208188489231,-1.2247167698860297,1.577270746231079,0.05819642401657739
589,-93.0,94,1,9.113893752862072,-1.4187899874523282,1.8689325540623767,0.07066756341992779
590,-148.0,149,1,8.717138966940025,-3.009791042313883,2.1523867357497246,0.07354320915440885
591,-77.0,78,1,5.016567481890655,-3.1884463037937305,1.5517343985728729,0.06241260282098292
592,-77.0,78,1,4.847583342717441,-2.5619458824467776,1.5280147546376937,0.08245038606811506
593,-70.0,71,1,5.460744886573004,-5.409762843259492,1.5847016858382963,0.06120352838253996
594,-141.0,142,1,9.524025815448164,-3.211278001402757,2.0589533960315545,0.04270320341751819
595,-141.0,142,1,11.113695619873372,-1.3438014506418128,2.2646065631382903,0.04022051273799226
596,-84.0,85,1,6.623241374388282,-1.5950488375171143,1.7501001526327695,0.06001121064593248
597,-156.0,157,1,4.545910625950253,-3.8880229498508867,1.3689807964738008,0.052516279719876734
598,-84.0,85,1,6.35828325918547,-2.7548096389756265,1.6730436717762667,0.05840882452423958
599,-84.0,85,1,10.432636273456634,-2.0095899318694137,1.9672148241716272,0.0671797667602625
600,-106.0,107,1,5.2582346510411915,-3.9855830264582393,1.4980816083533741,0.10307114792848442
601,-326.0,327,1,9.314728400763133,-2.0896274050632178,1.7816237761704565,0.02243048448146916
602,-96.0,97,1,15.864126766557186,-5.024005907779732,1.9262616069046492,0.08709538145562078
603,-104.0,105,1,9.480599760373506,-5.703493133455604,2.0219005039760045,0.03653274232942966
604,-71.0,72,1,4.807574730275923,-3.5878653817409134,1.4035801490147908,0.06715192931167419
605,-79.0,80,1,7.756108243664494,-2.217812148964731,1.8928985118865966,0.04573576989059802
606,-98.0,99,1,5.173872037143376,-2.7497911888264084,1.0686665159283262,0.088477819484207
607,-76.0,77,1,9.31332913710654,-2.345548165197085,2.180063718325132,0.03104840561463316
608,-85.0,86,1,6.358826304936164,-1.5559173829956414,1.753232517907786,0.07133206806069803
609,-77.0,78,1,5.509148976111856,-1.8417009644192428,1.8706045334155743,0.058557087228669286
610,-97.0,98,1,8.698352319350565,-4.044978326608247,2.0898105368322257,0.06947283324077536
611,-74.0,75,1,4.369227361608112,-1.81663174030371,1.589550240834554,0.05218872669929018
612,-72.0,73,1,4.2392295868238055,-4.214236115210702,1.5782732898241854,0.08044328633217422
613,-76.0,77,1,4.153262889250061,-1.7584591138285477,1.6246658733912878,0.06559577976752605
614,-96.0,97,1,7.499691573367694,-3.0710092464884378,1.9698968769348775,0.08552938988000232
615,-76.0,77,1,4.279295666373861,-3.4300737667937655,1.5588885654102673,0.0696244778689118
616,-74.0,75,1,3.0994471400696786,-3.6984881002502514,1.251379508972168,0.058713076608255504
617,-188.0,189,1,10.475512467967867,-1.132122845535392,2.2451644978195273,0.026363016495471278
618,-137.0,138,1,13.275161392625717,-2.4884242169125397,2.379810947438945,0.08001280855218731
619,-72.0,73,1,5.935672788007053,-2.3095321931672115,1.6687140922023826,0.06817994617828334
620,-96.0,97,1,11.138392561427366,-1.8356373698244197,1.9386451760518182,0.030705374202297367
621,-114.0,115,1,5.022968963705732,-3.6542235223465074,1.4006545522938605,0.05557447629828897
622,-92.0,93,1,6.027574449389552,-1.5531282991931965,1.6351901536346765,0.04124290904941498
623,-86.0,87,1,6.801523889781106,-1.628263514009893,1.801640252957399,0.04850048844865791
624,-94.0,95,1,5.437181033650076,-3.2794596629879,1.3932825389661287,0.045928257936611774
625,-71.0,72,1,2.957919767111081,-1.438107511368192,1.042698409822252,0.05273195565839867
626,-90.0,91,1,3.732469872634853,-4.964287836114866,1.187377692578913,0.0740820209490606
627,-109.0,110,1,10.036650920422108,-5.149990943125026,1.836158206246116,0.021817389677215197
628,-76.0,77,1,2.0087662540006153,-0.2770195418493308,1.0523983549762082,0.01942427975939006
629,-78.0,79,1,6.830412131423261,-0.36993924408261014,1.2969618447219269,0.02484845286942547
630,-84.0,85,1,10.721089185708758,-0.11859570337349877,1.4612719143138213,0.012755008868407459
631,-153.0,154,1,4.736479919690389,-2.561082649176227,0.7931367700750177,0.03798991613968445
632,-162.0,163,1,11.679365453042216,-0.39989785401741945,2.415792497389156,0.02496424665677424
633,-98.0,99,1,8.060555975890226,-1.8506705454201438,1.8664866926694157,0.03491777425333199
634,-207.0,208,1,6.054660765500767,-0.4481470621878823,1.5934524501745517,0.022096043354115233
635,-72.0,73,1,8.444923246164539,-2.9234847759107154,1.6084350951730388,0.015187757017971208
636,-77.0,78,1,4.3774296278887705,-1.7150866867144567,1.46845137155973,0.04807802461213074
637,-76.0,77,1,2.8155329680153813,-3.496975494489337,1.2588835737921975,0.042477168109534044
638,-90.0,91,1,5.96743668216296,-0.46129813924262936,1.69333617241828,0.031280920174929755
639,-77.0,78,1,6.052742422574785,-1.236000297194084,1.7760714139693823,0.033531119900707826
640,-85.0,86,1,11.614970924346274,-0.5986049057723586,2.145402287327966,0.03303142420698477
641,-73.0,74,1,7.635454169330596,-0.3385510431253351,2.01821552740561,0.023576388964224985
642,-73.0,74,1,7.2980511822783765,-0.4934211778328628,2.032395406349285,0.034091390758230526
643,-90.0,91,1,8.343820324648622,-2.8366177245772413,2.178125570108602,0.023421027153924846
644,-82.0,83,1,14.666397952868783,-0.2934890733813518,2.440223245735628,0.027084215401800865
645,-78.0,79,1,17.06111320848223,-1.7935108594431342,2.555592633500884,0.014436529301655114
646,-87.0,88,1,8.325761872272448,-0.7277746484495847,2.128964890133251,0.02914183788975193
647,-77.0,78,1,4.8978413783608215,-1.4263040063580354,1.5350271188295805,0.019177252310328186
648,-76.0,77,1,3.0952415695389757,-0.5118963802278695,1.3674100327801395,0.028285134722805257
649,-86.0,87,1,5.840407608521182,-1.9775764543894978,1.7489619638728,0.04560119828915801
650,-83.0,84,1,4.2386507371245115,-0.65264980581456,1.5685257741383143,0.021630766881225144
651,-86.0,87,1,5.099490841166865,-0.5461209409096781,1.6686102604043895,0.02201237833534164
652,-137.0,138,1,17.190077569453486,-1.4757905015401354,2.7105297489442686,0.027123831101166812
653,-75.0,76,1,3.076119293127895,-0.7581749971095154,1.2086328142567684,0.02452813246897054
654,-79.0,80,1,3.94218799531136,-1.348709774845338,1.418760985136032,0.05386779635955463
655,-72.0,73,1,9.144602096786288,-3.2626535944379103,1.573556808576192,0.029386245148824146
656,-73.0,74,1,3.075907217923904,-0.5349742312118414,1.2181392537580955,0.032725139880927304
657,-87.0,88,1,5.788219882736898,-1.206526909948893,1.702417785471136,0.023586638518860458
658,-97.0,98,1,6.734577121633599,-1.6875282529778945,1.815792735742063,0.03900093911185965
659,-78.0,79,1,8.19688552514137,-0.3935736484591307,1.7923003631302072,0.021526471745956666
660,-79.0,80,1,8.087735750966022,-0.7430956943768251,1.763130795955658,0.026635566648110398
661,-79.0,80,1,5.291205453572911,-0.4263100252959703,1.8127013057470323,0.023398189125509818
662,-78.0,79,1,4.791081998608689,-1.61091426786778,1.6884787535365624,0.047415786265849455
663,-74.0,75,1,6.951949879710252,-0.7046735804675457,1.8832822338740032,0.03077494102685402
664,-89.0,90,1,7.666680712045895,-2.0294256516784825,1.9113448964224922,0.010197293808515598
665,-74.0,75,1,7.367873568859456,-1.2751816807504899,1.681173135439555,0.03865549856952081
666,-73.0,74,1,4.210090654725964,-4.335046115272357,1.500817746729464,0.03792350980802439
667,-96.0,97,1,5.945452633300033,-1.363005715053884,1.5512524437658566,0.03790243786277211
668,-78.0,79,1,4.624847356848937,-2.9532971160193093,1.5841300638416145,0.013716177006924077
669,-73.0,74,1,4.963499075693796,-0.9644467387650464,1.6210366777471594,0.03673370190498079
670,-72.0,73,1,5.766841838913148,-0.4891690320864779,1.7511347173011467,0.03220201399032192
671,-85.0,86,1,8.090019412119439,-0.5626659854504734,2.058539013529933,0.017136411037469327
672,-72.0,73,1,4.516147903828524,-0.3803872852075896,1.619516718877505,0.025792027414578637
673,-99.0,100,1,5.521606486487581,-2.230629541761591,1.5774486780166626,0.07912636724184267
674,-98.0,99,1,7.156272101366682,-2.104397305043419,1.7070782112352776,0.044418578745792574
675,-65.0,66,1,16.633618213427933,-1.132772364881186,2.2223696853175308,0.03728998355588622
676,-84.0,85,1,8.187372592899791,-1.272649090106065,2.0582946931614594,0.05460720161071924
677,-84.0,85,1,6.795203306805727,-0.5232682040907949,1.940321250522838,0.024615053768844947
678,-76.0,77,1,5.371219445093287,-2.1038231687720823,1.9007379699062992,0.024412148582216884
679,-88.0,89,1,9.02776760036084,-1.516113665732529,2.3480946830149447,0.02958985464385805
680,-75.0,76,1,7.049211831570382,-0.4827888964286295,1.9755499362945557,0.03022706154335633
681,-74.0,75,1,4.570335799244543,-2.6056646862238027,1.6451763979593912,0.05143590768799186
682,-73.0,74,1,4.488061255240511,-0.5871427505111126,1.6193915637763772,0.024231612979673554
683,-90.0,91,1,4.107107001661252,-1.5550504388034365,1.4554852876034412,0.03869330920637227
684,-69.0,70,1,3.7007298441670304,-1.3185368311724492,1.4847433975764683,0.03237385327395584
685,-70.0,71,1,4.112979812611716,-2.1513539587632153,1.6273096178618955,0.03027999804201077
686,-104.0,105,1,7.614787576487426,-1.949815765356401,2.0240139098394483,0.043348093323099114
687,-135.0,136,1,10.19094922348792,-0.7764970629877472,2.325433769646813,0.021671900151619305
688,-99.0,100,1,9.374287636186928,-2.1895787696633486,1.8757168102264403,0.03648238839872647
689,-65.0,66,1,10.896799676561248,-2.8095673099266025,1.53679405559193,0.042495456349570304
690,-94.0,95,1,8.544032413179153,-1.3788344273052644,1.983222188447651,0.0333269920175601
691,-83.0,84,1,6.18091306511477,-0.8074192320630009,1.7950705602055503,0.02766914462041487
692,-94.0,95,1,7.421666917527297,-0.27271298023774043,1.7986622709977,0.027709744474850594
693,-82.0,83,1,5.846806796621784,-1.4402193297486168,1.567647819059441,0.043276224060247774
694,-86.0,87,1,5.529157959492797,-0.9793772561865024,1.6354146387385227,0.03102433258713084
695,-85.0,86,1,7.243338548369858,-1.5384656644323407,1.8628322911816975,0.008296069513795204
696,-86.0,87,1,11.010474231210704,-2.779689915800044,1.9316544587584747,0.02944965885775485
697,-90.0,91,1,12.102845716512133,-0.6326419590878976,1.8726869834648383,0.029797135338003
698,-79.0,80,1,4.436723845080451,-0.4382290846275282,1.5625632107257843,0.028298669189825886
699,-72.0,73,1,4.404507625519541,-0.3707887865626891,1.5325350271512383,0.026321280742070498
700,-73.0,74,1,7.496989200082041,-0.5639098258106969,1.889185639652046,0.03579219125566777
701,-87.0,88,1,6.694980369724859,-0.08101886273239374,1.7946904762224718,0.01039728890993336
702,-88.0,89,1,9.14027846520953,-1.6232729873213174,2.0912729649061568,0.0290960521166464
703,-71.0,72,1,5.371873583971238,-2.4232890892566905,1.667560703224606,0.04557810773177254
704,-84.0,85,1,6.473510502955383,-0.5162008575742434,1.7320148748510025,0.019576894437127252
705,-85.0,86,1,4.414944899069629,-1.1119504289093785,1.5382966884346896,0.032819168640132776
706,-73.0,74,1,4.668513458299237,-1.5036481081160427,1.4764988760690432,0.037494386773638276
707,-83.0,84,1,11.367720703073289,-1.6786155077653737,2.0246352014087496,0.033902189958358316
708,-95.0,96,1,14.197213546054021,-0.23048127178359815,2.3320275619626045,0.01975739026147494
709,-84.0,85,1,12.97760020320523,-1.0786428590873531,2.5724002950331744,0.031545782222083825
710,-87.0,88,1,11.904609174205689,-1.2271520072635296,2.476017702709545,0.035095855170352894
711,-84.0,85,1,6.198703441660002,-1.41484708056703,1.9846120834350587,0.03137937059954685
712,-78.0,79,1,14.383777139130745,-2.3345199786495017,2.5303354263305664,0.022733615905848107
713,-70.0,71,1,11.65572449303983,-0.770681929224479,2.35928777238013,0.02966214857485578
714,-78.0,79,1,8.584443681948535,-1.0112667077816315,2.143070100228998,0.030252699049107164
715,-76.0,77,1,6.791039392791497,-3.418211797448087,1.8638728469997257,0.019603604893804853
716,-92.0,93,1,12.086660927086468,-0.952472501962636,2.441347224738008,0.017393581618640012
717,-95.0,96,1,12.233803266897667,-4.437417360544107,2.471883455912272,0.04268713420121154
718,-77.0,78,1,8.760011775198226,-1.8961977134779608,2.2818214159745436,0.0426226313045332
719,-89.0,90,1,15.250205392851301,-0.14562222177046352,2.8330948617723255,0.011660640170965861
720,-79.0,80,1,14.23802985336879,-0.11778582450788236,2.3621442764997482,0.015461462687198946
721,-93.0,94,1,11.068972254402476,-0.09664406328328311,2.268601432759711,0.010358523581476703
722,-73.0,74,1,6.2414936090465964,-2.7331160192788464,1.8521116875313424,0.047804880008058985
723,-79.0,80,1,5.872711152530428,-4.4178216889355095,1.663854283094406,0.025463227280670252
724,-95.0,96,1,10.437199031082855,-2.950200135789904,2.273116280635198,0.04274886572663187
725,-79.0,80,1,4.001134086981073,-0.26709293073945445,1.459924930334091,0.02340226684937079
726,-80.0,81,1,3.834626669623425,-0.13927537105498938,1.4040118485321234,0.013598252616730738
727,-120.0,121,1,11.67271387434917,-0.8115923548102126,2.3082271233077876,0.03722437690909325
728,-86.0,87,1,6.558184404629978,-0.10162711076989728,1.6969259689594138,0.008149674142866084
729,-84.0,85,1,4.875690559222644,-0.6671188799945145,1.5425704338971307,0.025393975378520898
730,-97.0,98,1,6.369017792894292,-5.8091372989241306,1.6726273176621418,0.02398304183945435
731,-77.0,78,1,4.236978360994283,-0.29512077730890807,1.338539025722406,0.020951456359538358
732,-72.0,73,1,5.190621707148488,-0.8088511977853471,1.2183915490973485,0.02987193682191938
733,-73.0,74,1,1.8694593630128578,-1.4952021535136737,0.995804567594786,0.038664473358359236
734,-71.0,72,1,5.121841839510631,-0.3860990888913673,1.4756210015879736,0.020979307142826857
735,-115.0,116,1,5.8507478146759615,-0.6114235986108191,1.551262280036663,0.025563835381286357
736,-72.0,73,1,5.590845065054241,-0.4704484414673659,1.5857974013237104,0.025954677399817203
737,-74.0,75,1,3.2081373321761686,-4.14739970594356,1.272620094617208,0.05598397996431837
738,-79.0,80,1,6.5784684251828365,-0.07535168614522263,1.7056097507476806,0.009032667372775905
739,-77.0,78,1,2.9022008294735153,-0.17137261152189845,1.149245445544903,0.017520556260700315
740,-72.0,73,1,3.4241220579516103,-1.050170010092512,1.2140672566139534,0.03600477685151966
741,-92.0,93,1,3.768234561537161,-0.9931153433296644,1.28613922672887,0.029853917029936627
742,-89.0,90,1,5.239706888055177,-1.0476158214047449,1.3211406071980794,0.026284657826343188
743,-87.0,88,1,4.778665647243046,-0.27833511562262586,1.3817217404192144,0.015834538329562
744,-72.0,73,1,2.336630634025811,-3.435503746951015,1.0242144049030462,0.05616701750422841
745,-73.0,74,1,2.0478963322026615,-1.9803471811584081,0.9841051746059108,0.02775643075772284
746,-77.0,78,1,2.1863949316962716,-0.5475609835109656,1.0254949621665173,0.01274378766277387
747,-87.0,88,1,3.774584857657663,-0.4102378309421924,1.2905858484181492,0.03419497757435734
748,-79.0,80,1,3.4574745814230483,-0.41726784032452996,1.3802152156829834,0.01545906298015325
749,-75.0,76,1,11.730195393657931,-1.4904597126687325,1.316343483171965,0.043435238360727546
750,-102.0,103,1,3.9042906393189645,-2.4119312831305773,1.4030316142202581,0.028743928516209036
751,-98.0,99,1,8.537388923884436,-0.05707720927849284,1.839432215449786,0.009554104873912898
752,-81.0,82,1,3.0041223783042432,-3.322944768037171,1.2016781975583333,0.006845526808940965
753,-107.0,108,1,5.4104602113950895,-1.5043752750864736,1.3051434181354664,0.03181255541858263
754,-500.0,500,0,2.8235976799626368,-0.6477265442336211,0.7422855491638184,0.016236174880119508
755,-79.0,80,1,6.088185793123557,-0.5313410881206437,1.881742113828659,0.016040218895068393
756,-74.0,75,1,6.118585233472598,-1.6533696407428942,1.9331007353464762,0.020340208095731213
757,-80.0,81,1,5.5102831015549185,-2.838268494055722,1.822215027279324,0.009135187265425806
758,-80.0,81,1,8.70400986097822,-0.1142806252555377,2.344065889900113,0.013571201400927636
759,-81.0,82,1,20.169083993879102,-0.3401730588936139,2.545362914480814,0.01667407054894905
760,-109.0,110,1,9.181210245579926,-0.3612171513388272,2.258065032958984,0.021700054815631697
761,-79.0,80,1,8.311275093813311,-0.8583176022679254,1.942874252796173,0.01730324272557482
762,-99.0,100,1,5.618852254480589,-0.5666678778373171,1.6518590176105499,0.024210759775596672
763,-78.0,79,1,6.4678930196486695,-1.5582603369791597,1.785812055008321,0.03371740667288681
764,-73.0,74,1,6.817995269603498,-2.7605146244212526,1.724227500928415,0.02420625116910496
765,-73.0,74,1,6.122769369065724,-0.7451197167259099,1.716556648950319,0.03612657468270422
766,-83.0,84,1,4.675795940305328,-0.16012290017620434,1.4463506142298381,0.010618482905036737
767,-74.0,75,1,4.126513795574234,-1.3481781263713493,1.4657161315282186,0.0398288012870277
768,-201.0,202,1,7.351602458210932,-0.8247972071183197,1.7511358780435997,0.01390988531539454
769,-102.0,103,1,5.994499431482236,-0.3429094808767349,1.7327043512492504,0.022271249726984323
770,-76.0,77,1,4.1512270516764325,-0.4448242950007129,1.4918133438407601,0.019720255906388238
771,-73.0,74,1,6.280867413369501,-3.3528730411354273,1.7356375359200142,0.024546694333686312
772,-79.0,80,1,5.861447167837878,-0.3748907117258568,1.7834658712148665,0.023266208145378185
773,-72.0,73,1,5.154654985140652,-0.19324896373969028,1.5988810846250352,0.015461053764539268
774,-89.0,90,1,10.243395506989165,-0.27454789971282784,2.3521742741266887,0.024011589468621728
775,-115.0,116,1,4.852798287774806,-0.43831281385083176,1.5378675625242035,0.027002186312341202
776,-73.0,74,1,4.103703157172571,-2.6088513491985568,1.4002224754642796,0.033754294518026605
777,-91.0,92,1,5.386827787196482,-0.06624987828486749,1.582728772059731,0.010921815196248328
778,-75.0,76,1,3.4030728465052227,-2.835366507242916,1.2185229753193103,0.04546438824103174
779,-70.0,71,1,6.698231077485744,-0.15053399372405232,1.393551033987126,0.01561682792145777
780,-75.0,76,1,3.4482298414408623,-0.49859045351379455,1.317967835225557,0.032634771130065736
781,-86.0,87,1,7.936040814774196,-0.3858094299121776,1.7470898025337307,0.02708134940270423
782,-81.0,82,1,2.94154850774297,-0.41884386692658065,1.318607765000041,0.04552605494487447
783,-88.0,89,1,5.0925862210739945,-0.8837076357536573,1.4721860349848028,0.08663356082570828
784,-184.0,185,1,7.559738464285053,-4.537057793675922,1.8704468495136983,0.12892405085107433
785,-111.0,112,1,12.897565213932337,-3.884039538001519,1.6918929304395403,0.0994117014161345
786,-162.0,163,1,7.297040506427557,-4.135109187686532,1.6745843243745206,0.07952750561859713
787,-128.0,129,1,10.842924965543842,-5.677041364854934,1.6210281904353652,0.1206718758700048
788,-157.0,158,1,8.059585226413828,-11.222471297108026,1.410957058773765,0.20082671238036756
789,-125.0,126,1,8.716219920345461,-5.300331689311067,1.2645671935308547,0.16702308300462335
790,-148.0,149,1,7.2291201909374285,-7.545427716565934,1.6210293545818968,0.10440374280718873
791,-500.0,500,0,7.767999531052715,-1.435787367065306,1.0650235862731934,0.025861317952330865
792,-159.0,160,1,11.227830588109281,-4.002209722747262,1.8758925557136537,0.06895038771307327
793,-214.0,215,1,7.069590744404881,-11.49966512448838,1.5889318687971248,0.2699654830764027
794,-201.0,202,1,17.35364346133688,-10.305888261783965,2.7470588023119635,0.13925829526506547
795,-115.0,116,1,16.064933645433108,-13.781096149306936,1.4839431828465954,0.21348752986117187
796,-143.0,144,1,9.460193718937262,-9.284337565064751,1.9762380056911044,0.20320380519755568
797,-157.0,158,1,17.01191202197478,-13.30670659489852,2.2079442965833445,0.26441104992652154
798,-209.0,210,1,11.835897091780568,-8.406958484274547,2.2720254625592915,0.12242909252470435
799,-153.0,154,1,13.328878539242266,-11.718409350669697,2.18845762525286,0.18625371168980256
800,-151.0,152,1,14.444351379181745,-13.456782778574267,2.0766515355361137,0.1272617219995745
801,-161.0,162,1,17.112784138241103,-6.67184151974623,1.9268472400712378,0.09926930670999466
802,-161.0,162,1,20.43380190768167,-10.026154661776381,1.776955121829186,0.15747559724596938
803,-164.0,165,1,16.26384570215146,-7.399085082865967,1.579587427775065,0.1694605798697673
804,-134.0,135,1,20.485526461966543,-9.611345439107605,1.8526674058702257,0.22153743668920167
805,-134.0,135,1,12.00600649305863,-11.375144598549404,1.9057475761131004,0.22035689093827387
806,-105.0,106,1,15.786103343736613,-16.259306670692,1.4973671751202278,0.23882959037875034
807,-132.0,133,1,15.585867660715335,-8.938728623006012,1.8123857885375059,0.17883367350864696
808,-113.0,114,1,10.885194544277686,-8.297478509101367,1.9249423010307445,0.17818256733931903
809,-260.0,261,1,18.770532387939024,-6.5155513565225185,2.8543705812359224,0.07834628939952144
810,-138.0,139,1,9.312983959532183,-5.649752391359857,1.574879858991225,0.11810759275164377
811,-110.0,111,1,23.470979384599183,-7.139289050684326,1.80636283943245,0.14767238455387668
812,-141.0,142,1,9.583999760157074,-12.364310596496248,1.6160194235788266,0.11151497366858755
813,-192.0,193,1,7.692582479382909,-10.629991677046638,1.5096692001263712,0.1581692658338289
814,-152.0,153,1,18.148418474425426,-2.954099199545715,1.709588356267393,0.0920529515149111
815,-144.0,145,1,4.353122344155443,-9.433226771929586,1.3487873340475147,0.11009681810553894
816,-142.0,143,1,11.427695838474914,-4.54057047289118,1.9583245390778654,0.11141721324929676
817,-141.0,142,1,11.332522948149656,-4.815546240226314,1.8163701984244334,0.12015143007359345
818,-193.0,194,1,9.652409791615467,-5.412445888523141,2.014601029071611,0.10012208241824297
819,-142.0,143,1,6.496130445500114,-5.582645275369089,1.3513220606983958,0.11112413070597565
820,-139.0,140,1,9.40227339394717,-8.354522901241424,1.381441020965576,0.09487171056815506
821,-132.0,133,1,9.17055308372872,-8.953729817118361,1.6461086990241718,0.1194238050063854
822,-158.0,159,1,15.691516178241384,-1.735895770908468,1.8619666309476648,0.05351103811482068
823,-160.0,161,1,5.866654274425895,-5.678040847613092,1.528714446547609,0.07545320657705781
824,-128.0,129,1,6.418866248527459,-3.0872883184429933,1.4841486686883971,0.05593966793929057
825,-130.0,131,1,9.127216566674067,-1.7028194974808206,1.6305249774729023,0.05762082799453886
826,-126.0,127,1,7.401158991245017,-5.642000176044484,1.4314129896989958,0.08605270518853828
827,-152.0,153,1,14.933645220946014,-3.5687132359064777,2.488207997839435,0.08023971601443942
828,-111.0,112,1,33.026922965609366,-9.783110541468302,2.4801484686987743,0.09748953709955847
829,-127.0,128,1,8.842638328678731,-5.6599055618276,1.583259329199791,0.06997504672432342
830,-167.0,168,1,12.024933097820394,-4.477646724515104,2.163400127774193,0.09661421170921174
831,-126.0,127,1,17.3713619545755,-4.765457585061601,1.780874868077556,0.0774144392924384
832,-145.0,146,1,7.99974622696326,-3.5261564601338526,1.8273496105246347,0.07860952927682138
833,-133.0,134,1,9.501170452293216,-6.037531033994875,1.6196208925389532,0.07790121831861943
834,-116.0,117,1,7.327357537232531,-5.263016074039908,1.6231530588916225,0.08395805073597043
835,-349.0,350,1,10.647120000248334,-2.2454316056293777,2.2806994233812605,0.046125771784313006
836,-116.0,117,1,10.706232592896445,-6.227313189550483,1.725649295709072,0.09145724901976884
837,-145.0,146,1,6.230692204885837,-1.4844713539996892,1.5394406514625028,0.07677588252567123
838,-116.0,117,1,7.169499156347991,-5.60043937792454,1.5215913984510634,0.12453918714804126
839,-196.0,197,1,13.10528662074434,-7.6990417683112815,2.2943459234867,0.11085012513852553
840,-124.0,125,1,6.182183957102243,-8.039916892489387,1.5023410921096803,0.12281146671656461
841,-141.0,142,1,16.599504176228436,-6.683622925441319,2.0487987122065583,0.12632229164417777
842,-134.0,135,1,13.427727249060775,-8.954373243747169,1.8689230459707755,0.07950641996633041
843,-191.0,192,1,9.812624334468333,-5.348861847725305,2.113043890645107,0.04795299428140728
844,-355.0,356,1,10.94896512644907,-1.161040536270673,1.9083220074685772,0.025018348504949082
845,-144.0,145,1,30.56999120493299,-1.8614276666728105,2.124648390145137,0.06121110106178094
846,-273.0,274,1,10.892864806137448,-4.161987738379,2.0280810168189722,0.04522735542019145
847,-147.0,148,1,10.74730624757059,-2.902049682261399,1.579026918153505,0.06253590317990873
848,-118.0,119,1,23.342423693747495,-1.964000501937136,1.6753837841899455,0.06335851323749639
849,-138.0,139,1,19.144020703727573,-7.81395502342309,1.9242485650151753,0.15793317772490253
850,-239.0,240,1,12.399593636106875,-17.07942082395722,2.4417340755462646,0.36839582025559137
851,-105.0,106,1,20.51961727762531,-14.673212985550975,2.596623033847449,0.23775550384318261
852,-84.0,85,1,17.57159790814142,-17.123490128510202,1.810005345064051,0.2633193543406378
853,-118.0,119,1,21.812133571993048,-17.092013835047258,2.220217584561901,0.2813550578223022
854,-92.0,93,1,14.244736404308389,-11.548045481295498,2.5477797600530807,0.2614827494069354
855,-105.0,106,1,15.580921847556656,-13.795028893143165,2.8512121911318795,0.24478640558945183
856,-102.0,103,1,13.149942301471437,-13.030348042710878,2.355314847335075,0.2522042912853985
857,-92.0,93,1,21.644464991809,-15.85288880380454,2.4810302078082995,0.2895056344976731
858,-119.0,120,1,10.365968752892634,-11.101857403112065,2.283353926738103,0.20364878591244634
859,-116.0,117,1,10.112092585889942,-11.989633525364026,2.339699582156972,0.2218627548900569
860,-116.0,117,1,7.396218667201335,-9.478381994038033,1.8338876463409164,0.18265145216601092
861,-217.0,218,1,6.616452954667342,-6.316796917061323,1.7936240861175257,0.1099639542706494
862,-126.0,127,1,8.697050770616809,-13.220694534437431,1.7823114320049136,0.19842029160536473
863,-139.0,140,1,9.155005161678751,-7.299573904690364,1.529589353288923,0.17894362082183113
864,-113.0,114,1,6.326963524328516,-12.077224807819524,1.429543181469566,0.24357741583585985
865,-107.0,108,1,10.874537285598409,-13.038360772610288,2.1964150358129433,0.2568916872782952
866,-106.0,107,1,11.195675189402303,-13.025056150903579,2.0859387388853268,0.259488392920885
867,-123.0,124,1,19.4050563415523,-13.112944567943545,2.816679900692355,0.3027801327835116
868,-98.0,99,1,8.340856284185929,-11.533649609461214,1.9436183890911063,0.18374453041039002
869,-82.0,83,1,6.619843087418051,-11.879111975560612,1.5686522075928837,0.17764666584537417
870,-78.0,79,1,8.549650772115145,-7.202663799259875,1.4861967593808718,0.17580350700734904
871,-84.0,85,1,12.52902694917575,-6.103397315956296,1.8894617641673368,0.15422307334913912
872,-88.0,89,1,9.837932230365787,-4.058228673271147,2.029383787948094,0.14502889832747928
873,-63.0,64,1,17.403510953259683,-8.862807307521507,1.7907577157020569,0.17670348790613843
874,-63.0,64,1,12.611393867005972,-8.515133682246415,1.887794703245163,0.20345524552612915
875,-86.0,87,1,8.75524137325882,-13.777456260034038,1.8914045575021328,0.20236952888231388
876,-72.0,73,1,6.317007454494908,-5.054281826229321,1.9188944868845483,0.12621597024434317
877,-87.0,88,1,11.290323800833987,-3.4177049937756734,2.4967681738463314,0.12130548624025489
878,-72.0,73,1,12.510033689600364,-1.930361331547754,2.3858196310801048,0.12015910391366486
879,-95.0,96,1,10.553470664583832,-4.130547081034213,2.265084370970726,0.11095210035637137
880,-163.0,164,1,15.667273983260312,-5.009021420380322,2.442819950057239,0.15197030071284667
881,-79.0,80,1,8.546509868197608,-4.396580438984529,1.8831656455993653,0.15171400732933762
882,-94.0,95,1,13.642228311013682,-7.348243845543996,2.136625997643722,0.15663445414684246
883,-77.0,78,1,3.8642977774516347,-9.56707266533713,1.2071017485398512,0.12247763092380363
884,-69.0,70,1,3.425907809070486,-6.198464375157242,1.2442087854657855,0.10824677926024638
885,-114.0,115,1,15.910360419321501,-1.9009871960000095,2.7141016462574834,0.11676332351110076
886,-80.0,81,1,7.40454236561462,-2.6706176302278988,1.7688931359185114,0.10557859920412245
887,-84.0,85,1,20.579440092710396,-2.5996760661278935,2.7737518310546876,0.0864040748709265
888,-83.0,84,1,7.429000928339866,-4.392513287541944,1.9755219959077381,0.10479681070301879
889,-74.0,75,1,7.168813112794111,-2.9031719747096454,2.0933727900187176,0.09417389022719969
890,-63.0,64,1,20.593829548077338,-5.656600868179794,2.7525790333747864,0.10935293782836197
891,-71.0,72,1,8.826957091546015,-6.429519506563035,2.2372698220941754,0.10720151197902952
892,-77.0,78,1,6.659627929508972,-3.0185958079569106,1.9771908796750581,0.10542025222830723
893,-90.0,91,1,7.349424609114586,-6.033722154311913,1.9477969997531766,0.08969264350082165
894,-72.0,73,1,6.216030397068084,-3.954243713436881,1.6274805983451948,0.0806083420500054
895,-180.0,181,1,11.251734814041333,-2.16917764566474,2.047334535345847,0.08381540008717042
896,-71.0,72,1,4.226289928610236,-4.035434437584424,1.568269219663408,0.10570907254936578
897,-95.0,96,1,5.981822037700719,-4.963215783277822,1.7619417657454808,0.10713377007080756
898,-78.0,79,1,3.7152282142384667,-2.692310535551021,1.4422543984425218,0.08307368491070427
899,-73.0,74,1,4.07047667505056,-5.68152448608728,1.3661643524427671,0.08058411470227765
900,-76.0,77,1,3.834578784970337,-3.720153451772485,1.4489663251034626,0.10496301085235742
901,-77.0,78,1,5.1804477744228326,-1.2415723025464662,1.6000643846316216,0.08500756679430384
902,-71.0,72,1,5.425441901011961,-2.0637577979840795,1.646349098947313,0.09597359423989676
903,-88.0,89,1,6.3046540353496905,-3.103126654241187,1.7303225163663372,0.10426744516604394
904,-117.0,118,1,18.336904141836865,-4.3552091291081,2.4734927193593172,0.12288377804577329
905,-96.0,97,1,7.016277102242553,-2.1470432795383774,1.9892477423874373,0.15117228212727343
906,-63.0,64,1,7.121805027818482,-4.387576253921907,1.4863270223140717,0.09806426566910886
907,-77.0,78,1,4.452915789323668,-2.416226767316216,1.6350304041153345,0.10713174940200332
908,-96.0,97,1,12.493730802229395,-2.313800039337216,2.2662554794980077,0.09636856098192775
909,-79.0,80,1,4.910655752101593,-2.591172188181099,1.6396469861268996,0.13994990011087793
910,-70.0,71,1,10.992233791449443,-5.488850884261692,1.9498198603240537,0.1421376189963423
911,-64.0,65,1,12.463193302261285,-9.889624530317871,1.9804613553560697,0.19210033952728667
912,-182.0,183,1,9.748166724017429,-2.614895601088715,2.216939936570131,0.09487623279046552
913,-97.0,98,1,8.500147981949896,-6.360903639430852,2.129057470633059,0.17732462793133075
914,-89.0,90,1,6.7292799919177515,-8.292294983709507,1.9961672359042697,0.22637030604204889
915,-100.0,101,1,6.729627089223382,-9.575267492547558,1.8309111831211808,0.20423913871109287
916,-76.0,77,1,7.101311085921071,-6.282965445847556,1.850410288030451,0.22773531222354632
917,-96.0,97,1,7.055890332498184,-7.171171091515247,1.8331977706594564,0.2590351525642225
918,-80.0,81,1,15.252593542762671,-7.529946811121377,2.5753680335150824,0.20456602029846607
919,-78.0,79,1,6.394426320665486,-7.350983840808688,1.8315000534057617,0.22443925954981359
920,-92.0,93,1,7.440020071113043,-9.16190752719519,1.975364613276656,0.22904049224199563
921,-90.0,91,1,4.752098079031694,-8.424560331223292,1.4880716826889542,0.19538693575576782
922,-88.0,89,1,4.802531949201806,-4.2828260039704,1.4294511495011577,0.19365779126636565
923,-86.0,87,1,5.301630032694384,-6.015273404454855,1.730627106524062,0.14871765876787008
924,-112.0,113,1,6.540153774910862,-3.7713460548448547,1.7465493436408255,0.11237800542012256
925,-71.0,72,1,4.509758412585749,-9.112200515490258,1.322214232550727,0.1082711321727806
926,-69.0,70,1,3.9265439699164872,-2.4014886301933855,1.240977587018694,0.122269946378531
927,-70.0,71,1,7.00720685910008,-2.9830989410148105,1.709426463489801,0.14464142399370297
928,-63.0,64,1,5.368814814284633,-8.52965768926606,1.5956384092569351,0.12247509674239154
929,-62.0,63,1,6.168510967230846,-8.86556095932056,1.906892284514412,0.12086880800040764
930,-72.0,73,1,10.834761198208195,-3.563628889100422,2.10758861123699,0.13785407984508075
931,-76.0,77,1,6.340682642927466,-2.430126516954284,1.8974998028247387,0.11211421170163077
932,-62.0,63,1,11.209138800138755,-5.431957004462472,2.2335999201214505,0.15784549936541312
933,-96.0,97,1,5.247756576747784,-5.4660936520571735,1.6520186552067393,0.12492824856074258
934,-71.0,72,1,2.893234709553427,-1.3185190727171074,1.303863666123814,0.11177794793588368
935,-84.0,85,1,5.324908786460839,-7.7681814483182015,1.4938303176094503,0.13457195478601053
936,-83.0,84,1,4.445464648328544,-2.0968077025619487,1.4930881829488845,0.12057241588661868
937,-72.0,73,1,9.345503464507813,-4.79673269375591,2.0031751541242206,0.14176155736371684
938,-74.0,75,1,3.027878785780243,-3.8671076650250082,1.299734967549642,0.1713440128113143
939,-98.0,99,1,10.225358299779026,-4.4505325139881196,2.326915307478471,0.15411554406528746
940,-80.0,81,1,6.737285846648852,-6.5736799990484505,1.9925158112137407,0.16738732029643646
941,-103.0,104,1,13.257411704188248,-3.2600760784282383,2.691500715338267,0.13877316136831025
942,-80.0,81,1,7.310564611655098,-3.53590381202104,1.9979871172963837,0.14194578590104356
943,-76.0,77,1,13.42243852732437,-2.8638577382080257,2.041190209326806,0.15766292361258347
944,-75.0,76,1,4.837340075763151,-6.905340638924635,1.5207072182705528,0.15254606155672504
945,-70.0,71,1,5.025087296192921,-3.5346656236174505,1.4841267088769188,0.12435307344798864
946,-82.0,83,1,3.9001419571724845,-6.8113739286459625,1.3555165888315224,0.11102338024998555
947,-76.0,77,1,6.685830483479348,-2.8047132004270114,1.8667745094794732,0.09368271650912773
948,-79.0,80,1,4.440136695082947,-2.764092608730425,1.5669530034065247,0.09587332911833073
949,-93.0,94,1,6.797163396999438,-2.4495956448124763,1.6736023882602125,0.1112801211408062
950,-70.0,71,1,5.677529336327136,-2.8749533235128233,1.51136031620939,0.10494006561233439
951,-70.0,71,1,4.69016305740425,-2.923937831329785,1.637784286284111,0.11806683446785671
952,-90.0,91,1,8.939107984101021,-2.2337143380747557,1.9971261076874784,0.12244750469268023
953,-84.0,85,1,5.623303174413398,-3.9901496226817152,1.7555215695325066,0.11007328307091752
954,-89.0,90,1,4.653085481517741,-6.92685019297189,1.61697860956192,0.08036638230421683
955,-75.0,76,1,5.853387401029498,-3.4583523443526296,1.698648496678001,0.12546402115549427
956,-151.0,152,1,20.076878042666547,-2.1910421175508468,3.022158051791944,0.09881181226458131
957,-94.0,95,1,12.54113736391239,-3.515504120074605,2.2935616844578792,0.1171230462146923
958,-95.0,96,1,7.5869644687369755,-7.098158246832706,2.009924069046974,0.11932780522086735
959,-76.0,77,1,5.717740064419204,-5.8760143524314,1.7137593727607232,0.11754279189241156
960,-82.0,83,1,5.532672894754095,-4.647358283697885,1.9382854455924896,0.10328263145063567
961,-72.0,73,1,5.910281525154946,-6.841110540751674,1.8311830546757946,0.09667946066793488
962,-72.0,73,1,6.8680544559884105,-1.1930391075446793,1.7701893375344473,0.07158937209847141
963,-74.0,75,1,3.590548862554133,-6.395387676746274,1.427545706431071,0.08781793692614884
964,-93.0,94,1,10.46021974991581,-1.6004144434879524,2.099209704297654,0.0725758260387204
965,-87.0,88,1,4.685212392188822,-1.071330424189827,1.5465009673075243,0.05979198213621699
966,-83.0,84,1,3.1878970603519563,-1.610199433433341,1.3872873045149303,0.07853962763329037
967,-79.0,80,1,3.9601324853423647,-1.8237157304720313,1.532704809308052,0.07671400999315665
968,-62.0,63,1,8.044388932458657,-6.594705254992559,1.4308187999422588,0.08162164561993752
969,-71.0,72,1,4.116400017875195,-3.9411365606712128,1.4406410141123667,0.07565654361395799
970,-75.0,76,1,5.520104578380645,-2.054810002011149,1.8315468759913194,0.08086605108569768
971,-93.0,94,1,7.690590934174636,-2.4798315225015495,1.99078276563198,0.08382519428368083
972,-88.0,89,1,13.45962488166844,-2.395448023975262,2.3041928698507586,0.10914812983848217
973,-139.0,140,1,9.68957190791511,-1.0025327521808711,2.3707228217806136,0.0564866069720925
974,-93.0,94,1,10.73430619749087,-2.1960080717628365,2.171050786972046,0.07336391717941064
975,-90.0,91,1,14.63451245979273,-2.1528231503587767,2.4694693717327745,0.10649883672390338
976,-149.0,150,1,9.214463970821138,-3.917713465514826,2.377435261408488,0.09937384244520217
977,-97.0,98,1,20.872168821544026,-3.4970836708160613,3.093696808328434,0.10408385092308223
978,-83.0,84,1,9.872541071054522,-5.398417134586323,2.4175859632946195,0.14759198798267226
979,-97.0,98,1,12.598801846400958,-4.333329043061263,2.4761284516782176,0.10793380494549043
980,-73.0,74,1,8.775312544365816,-5.9129606705501905,2.0535236307092615,0.13098753700614907
981,-82.0,83,1,8.305266397141365,-9.068019938227406,2.1721338938517745,0.11116358178986113
982,-74.0,75,1,10.588782561362411,-4.873714789450169,2.2030373255411786,0.11684704601376628
983,-83.0,84,1,6.912183582712065,-1.067710329046739,1.9432196503593808,0.0867435215730525
984,-97.0,98,1,8.162613488439463,-3.255952399732469,2.1059953387902706,0.1138461187457528
985,-62.0,63,1,12.933711018720974,-4.866817730174045,2.0078982398623513,0.11504933085673237
986,-69.0,70,1,9.508093587113088,-2.241597273501767,2.1749437877110074,0.11441551320687203
987,-91.0,92,1,8.130627139343668,-3.354642734377589,2.147619051129922,0.1428012596693209
988,-70.0,71,1,8.822390054495846,-2.641167954712267,1.8865194992280343,0.1446329610160729
989,-76.0,77,1,10.247273573089677,-8.21818328666041,1.8949305051332945,0.17504967829022047
990,-111.0,112,1,6.589323272689659,-4.2324273353858315,1.7563361099788122,0.21681344624552626
991,-85.0,86,1,4.430475143434177,-4.885605011137201,1.5733095878778502,0.17127112417683535
992,-86.0,87,1,9.220739515559833,-7.908935476414292,2.0528697200205133,0.21026424131819166
993,-86.0,87,1,4.975352168779676,-8.911301170737381,1.6434316580322967,0.16130636899227588
994,-85.0,86,1,5.134327531417934,-4.051596410890641,1.5017383209494657,0.16652270377583822
995,-89.0,90,1,7.786754508984611,-5.919757825845025,1.9162867546081543,0.17004583340086457
996,-75.0,76,1,6.008769079175852,-8.428651237734716,1.5444068908691406,0.16920530999394892
997,-79.0,80,1,6.659059072515083,-9.646215366771504,1.8561165034770966,0.16888224525828263
998,-76.0,77,1,7.181356266815995,-6.369559511386596,1.9054924172240417,0.1381560558001148
999,-71.0,72,1,6.618772945237449,-4.321115505952751,1.698238770167033,0.11790541161220365
1000,-99.0,100,1,5.718689213081961,-5.245916893442627,1.6886907625198364,0.12323345462966245
